REDE;SUBREDE;TIPO;CÓDIGO;CLIENTE;BAIRRO;CIDADE;CLASSE ;LATITUDE;LONGITUDE;PRODUTO;VENDA;DEVOLUÇÃO;% DEV
REDE PARCERIA;COMPRE MAX;SUBREDE;151;COMPREMAX - MISTER HULL;ANTONIO BEZERRA;FORTALEZA;B;-3.7392121;-38.5924565;QUEIJO MINAS FRESCAL LIGHT VALE MILK 250G;R$ 113,15;R$ 9,24;8,17%
REDE PARCERIA;COMPRE MAX;SUBREDE;151;COMPREMAX - MISTER HULL;ANTONIO BEZERRA;FORTALEZA;B;-3.7392121;-38.5924565;QUEIJO MINAS FRESCAL TRAD VALE MILK 250G;R$ 226,24;R$ 0,00;0,00%
REDE PARCERIA;COMPRE MAX;SUBREDE;151;COMPREMAX - MISTER HULL;ANTONIO BEZERRA;FORTALEZA;B;-3.7392121;-38.5924565;QUEIJO MINAS FRESCAL ZERO VALE MILK 250G;R$ 118,62;R$ 0,00;0,00%
REDE PARCERIA;COMPRE MAX;SUBREDE;151;COMPREMAX - MISTER HULL;ANTONIO BEZERRA;FORTALEZA;B;-3.7392121;-38.5924565;RICOTA VALE MILK 200G;R$ 255,56;R$ 5,24;2,05%
REDE PARCERIA;SUPER PORTUGAL;SUBREDE;153;SUPER PORTUGAL - BRAGANCA;GRANJA PORTUGAL;FORTALEZA;C;-3.7807845;-38.5966783;QUEIJO MINAS FRESCAL LIGHT VALE MILK 250G;R$ 76,11;R$ 0,00;0,00%
REDE PARCERIA;SUPER PORTUGAL;SUBREDE;153;SUPER PORTUGAL - BRAGANCA;GRANJA PORTUGAL;FORTALEZA;C;-3.7807845;-38.5966783;QUEIJO MINAS FRESCAL TRAD VALE MILK 250G;R$ 318,57;R$ 0,00;0,00%
REDE PARCERIA;SUPER PORTUGAL;SUBREDE;153;SUPER PORTUGAL - BRAGANCA;GRANJA PORTUGAL;FORTALEZA;C;-3.7807845;-38.5966783;QUEIJO MINAS FRESCAL ZERO VALE MILK 250G;R$ 175,95;R$ 0,00;0,00%
REDE PARCERIA;SUPER PORTUGAL;SUBREDE;153;SUPER PORTUGAL - BRAGANCA;GRANJA PORTUGAL;FORTALEZA;C;-3.7807845;-38.5966783;RICOTA VALE MILK 200G;R$ 165,30;R$ 1,28;0,77%
SUPER LAGOA;-;REDE;162;SUPER LAGOA - CD;PASSARE;FORTALEZA;C;-3.81528198;-38.55661271;QUEIJO MINAS FRESCAL LIGHT VALE MILK 250G;R$ 7.004,72;R$ 3.975,73;56,76%
SUPER LAGOA;-;REDE;162;SUPER LAGOA - CD;PASSARE;FORTALEZA;C;-3.81528198;-38.55661271;QUEIJO MINAS FRESCAL TRAD VALE MILK 250G;R$ 6.341,68;R$ 3.366,98;53,09%
SUPER LAGOA;-;REDE;162;SUPER LAGOA - CD;PASSARE;FORTALEZA;C;-3.81528198;-38.55661271;QUEIJO MINAS FRESCAL ZERO VALE MILK 250G;R$ 6.972,76;R$ 3.516,17;50,43%
CENTERBOX;-;REDE;172;CENTERBOX - PRQ SAO JOSE;PARQUE SAO JOSE;FORTALEZA;C;-3.8003218;-38.5880765;QUEIJO MINAS FRESCAL LIGHT VALE MILK 250G;R$ 83,40;R$ 29,29;35,12%
CENTERBOX;-;REDE;172;CENTERBOX - PRQ SAO JOSE;PARQUE SAO JOSE;FORTALEZA;C;-3.8003218;-38.5880765;QUEIJO MINAS FRESCAL TRAD VALE MILK 250G;R$ 150,22;R$ 0,00;0,00%
CENTERBOX;-;REDE;172;CENTERBOX - PRQ SAO JOSE;PARQUE SAO JOSE;FORTALEZA;C;-3.8003218;-38.5880765;QUEIJO MINAS FRESCAL ZERO VALE MILK 250G;R$ 88,00;R$ 27,35;31,08%
CENTERBOX;-;REDE;172;CENTERBOX - PRQ SAO JOSE;PARQUE SAO JOSE;FORTALEZA;C;-3.8003218;-38.5880765;RICOTA VALE MILK 200G;R$ 51,96;R$ 0,00;0,00%
-;SUPERMERCADO BAHAMAS;SUBREDE;181;SUPER CAUCAIA - LJ 01;CENTRO;CAUCAIA;C;-3.73546304;-38.65846975;QUEIJO MINAS FRESCAL LIGHT VALE MILK 250G;R$ 239,94;R$ 24,00;10,00%
-;SUPERMERCADO BAHAMAS;SUBREDE;181;SUPER CAUCAIA - LJ 01;CENTRO;CAUCAIA;C;-3.73546304;-38.65846975;QUEIJO MINAS FRESCAL TRAD VALE MILK 250G;R$ 218,94;R$ 0,00;0,00%
-;SUPERMERCADO BAHAMAS;SUBREDE;181;SUPER CAUCAIA - LJ 01;CENTRO;CAUCAIA;C;-3.73546304;-38.65846975;QUEIJO MINAS FRESCAL ZERO VALE MILK 250G;R$ 353,25;R$ 53,10;15,03%
-;SUPERMERCADO BAHAMAS;SUBREDE;181;SUPER CAUCAIA - LJ 01;CENTRO;CAUCAIA;C;-3.73546304;-38.65846975;RICOTA VALE MILK 200G;R$ 54,23;R$ 10,96;20,21%
CENTERBOX;-;REDE;182;CENTERBOX - PARQUELANDIA;PARQUELANDIA;FORTALEZA;B;-3.7429477;-38.5599157;QUEIJO MINAS FRESCAL TRAD VALE MILK 250G;R$ 342,60;R$ 0,00;0,00%
CENTERBOX;-;REDE;182;CENTERBOX - PARQUELANDIA;PARQUELANDIA;FORTALEZA;B;-3.7429477;-38.5599157;RICOTA VALE MILK 200G;R$ 217,73;R$ 28,59;13,13%
REDE UNIFORCA;EXITO;SUBREDE;193;EXITO - MONTE CASTELO;PRESIDENTE KENNEDY;FORTALEZA;B;-3.7211932;-38.5583364;QUEIJO MINAS FRESCAL LIGHT VALE MILK 250G;R$ 204,25;R$ 42,83;20,97%
REDE UNIFORCA;EXITO;SUBREDE;193;EXITO - MONTE CASTELO;PRESIDENTE KENNEDY;FORTALEZA;B;-3.7211932;-38.5583364;QUEIJO MINAS FRESCAL TRAD VALE MILK 250G;R$ 202,59;R$ 54,04;26,67%
CENTERBOX;-;REDE;196;CENTERBOX - PANAMERICANO;BELA VISTA;FORTALEZA;C;-3.7548351;-38.5561623;QUEIJO MINAS FRESCAL LIGHT VALE MILK 250G;R$ 38,26;R$ 56,95;148,87%
CENTERBOX;-;REDE;196;CENTERBOX - PANAMERICANO;BELA VISTA;FORTALEZA;C;-3.7548351;-38.5561623;QUEIJO MINAS FRESCAL TRAD VALE MILK 250G;R$ 103,53;R$ 0,00;0,00%
CENTERBOX;-;REDE;196;CENTERBOX - PANAMERICANO;BELA VISTA;FORTALEZA;C;-3.7548351;-38.5561623;QUEIJO MINAS FRESCAL ZERO VALE MILK 250G;R$ 86,65;R$ 123,72;142,78%
CENTERBOX;-;REDE;196;CENTERBOX - PANAMERICANO;BELA VISTA;FORTALEZA;C;-3.7548351;-38.5561623;RICOTA VALE MILK 200G;R$ 190,00;R$ 0,00;0,00%
CENTERBOX;-;REDE;212;CENTERBOX - MESSEJANA - LJ 01;MESSEJANA;FORTALEZA;B;-3.8185168;-38.4971878;QUEIJO MINAS FRESCAL LIGHT VALE MILK 250G;R$ 78,23;R$ 0,00;0,00%
CENTERBOX;-;REDE;212;CENTERBOX - MESSEJANA - LJ 01;MESSEJANA;FORTALEZA;B;-3.8185168;-38.4971878;QUEIJO MINAS FRESCAL TRAD VALE MILK 250G;R$ 155,14;R$ 0,00;0,00%
CENTERBOX;-;REDE;212;CENTERBOX - MESSEJANA - LJ 01;MESSEJANA;FORTALEZA;B;-3.8185168;-38.4971878;QUEIJO MINAS FRESCAL ZERO VALE MILK 250G;R$ 83,50;R$ 0,00;0,00%
CENTERBOX;-;REDE;212;CENTERBOX - MESSEJANA - LJ 01;MESSEJANA;FORTALEZA;B;-3.8185168;-38.4971878;RICOTA VALE MILK 200G;R$ 188,84;R$ 0,00;0,00%
CENTERBOX;-;REDE;224;CENTERBOX - SANTOS DUMONT;COCO;FORTALEZA;A;-3.7440842;-38.4749343;QUEIJO MINAS FRESCAL LIGHT VALE MILK 250G;R$ 0,00;R$ 114,68;100,00%
CENTERBOX;-;REDE;224;CENTERBOX - SANTOS DUMONT;COCO;FORTALEZA;A;-3.7440842;-38.4749343;QUEIJO MINAS FRESCAL TRAD VALE MILK 250G;R$ 110,51;R$ 23,79;21,53%
CENTERBOX;-;REDE;224;CENTERBOX - SANTOS DUMONT;COCO;FORTALEZA;A;-3.7440842;-38.4749343;QUEIJO MINAS FRESCAL ZERO VALE MILK 250G;R$ 0,00;R$ 137,40;100,00%
CENTERBOX;-;REDE;224;CENTERBOX - SANTOS DUMONT;COCO;FORTALEZA;A;-3.7440842;-38.4749343;RICOTA VALE MILK 200G;R$ 250,38;R$ 4,76;1,90%
-;SUPERMERCADO BAHAMAS;SUBREDE;239;SUPER CAUCAIA - LJ 02;CENTRO;CAUCAIA;C;-3.7342526;-38.65836087;QUEIJO MINAS FRESCAL LIGHT VALE MILK 250G;R$ 129,00;R$ 26,83;20,80%
-;SUPERMERCADO BAHAMAS;SUBREDE;239;SUPER CAUCAIA - LJ 02;CENTRO;CAUCAIA;C;-3.7342526;-38.65836087;QUEIJO MINAS FRESCAL TRAD VALE MILK 250G;R$ 451,41;R$ 10,17;2,25%
-;SUPERMERCADO BAHAMAS;SUBREDE;239;SUPER CAUCAIA - LJ 02;CENTRO;CAUCAIA;C;-3.7342526;-38.65836087;QUEIJO MINAS FRESCAL ZERO VALE MILK 250G;R$ 490,05;R$ 0,00;0,00%
-;SUPERMERCADO BAHAMAS;SUBREDE;239;SUPER CAUCAIA - LJ 02;CENTRO;CAUCAIA;C;-3.7342526;-38.65836087;RICOTA VALE MILK 200G;R$ 220,98;R$ 0,00;0,00%
REDE UNIFORCA;PINHEIRO E CARNEIRO;SUBREDE;251;MERC PINHEIRO E CARNEIRO;JOQUEI CLUBE;FORTALEZA;C;-3.7759137;-38.5788541;QUEIJO MINAS FRESCAL TRAD VALE MILK 250G;R$ 38,95;R$ 0,00;0,00%
REDE UNIFORCA;PINHEIRO E CARNEIRO;SUBREDE;251;MERC PINHEIRO E CARNEIRO;JOQUEI CLUBE;FORTALEZA;C;-3.7759137;-38.5788541;QUEIJO MINAS FRESCAL ZERO VALE MILK 250G;R$ 84,15;R$ 20,25;24,06%
REDE UNIFORCA;PINHEIRO E CARNEIRO;SUBREDE;251;MERC PINHEIRO E CARNEIRO;JOQUEI CLUBE;FORTALEZA;C;-3.7759137;-38.5788541;RICOTA VALE MILK 200G;R$ 57,13;R$ 0,00;0,00%
REDE UNIFORCA;EXITO;SUBREDE;317;EXITO - PRQ POTIRA II;PARQUE GUADALAJARA (JUREMA);CAUCAIA;C;-3.7688869;-38.6231497;QUEIJO MINAS FRESCAL LIGHT VALE MILK 250G;R$ 294,55;R$ 108,10;36,70%
REDE UNIFORCA;EXITO;SUBREDE;317;EXITO - PRQ POTIRA II;PARQUE GUADALAJARA (JUREMA);CAUCAIA;C;-3.7688869;-38.6231497;QUEIJO MINAS FRESCAL TRAD VALE MILK 250G;R$ 290,31;R$ 78,16;26,92%
PINHEIRO;-;REDE;322;PINHEIRO - CD;PAUPINA;FORTALEZA;B;-3.8622118;-38.4959971;QUEIJO MINAS FRESCAL LIGHT VALE MILK 250G;R$ 5.962,40;R$ 91,56;1,54%
PINHEIRO;-;REDE;322;PINHEIRO - CD;PAUPINA;FORTALEZA;B;-3.8622118;-38.4959971;QUEIJO MINAS FRESCAL TRAD VALE MILK 250G;R$ 5.184,48;R$ 194,71;3,76%
PINHEIRO;-;REDE;322;PINHEIRO - CD;PAUPINA;FORTALEZA;B;-3.8622118;-38.4959971;RICOTA VALE MILK 200G;R$ 4.121,51;R$ 41,45;1,01%
REDE PARCERIA;-;VAREJO;330;SUPERMERCADO ACONCHEMAX;VILA PERI;FORTALEZA;B;-3.7877298;-38.5815546;QUEIJO MINAS FRESCAL LIGHT VALE MILK 250G;R$ 164,26;R$ 0,00;0,00%
REDE PARCERIA;-;VAREJO;330;SUPERMERCADO ACONCHEMAX;VILA PERI;FORTALEZA;B;-3.7877298;-38.5815546;QUEIJO MINAS FRESCAL TRAD VALE MILK 250G;R$ 147,60;R$ 0,00;0,00%
REDE PARCERIA;-;VAREJO;330;SUPERMERCADO ACONCHEMAX;VILA PERI;FORTALEZA;B;-3.7877298;-38.5815546;QUEIJO MINAS FRESCAL ZERO VALE MILK 250G;R$ 223,65;R$ 0,00;0,00%
REDE PARCERIA;-;VAREJO;330;SUPERMERCADO ACONCHEMAX;VILA PERI;FORTALEZA;B;-3.7877298;-38.5815546;RICOTA VALE MILK 200G;R$ 110,20;R$ 0,00;0,00%
COMETA;-;REDE;337;COMETA (SIQUEIRA);VILA PERI;FORTALEZA;B;-3.789045;-38.5864455;QUEIJO MINAS FRESCAL LIGHT VALE MILK 250G;R$ 194,31;R$ 0,00;0,00%
COMETA;-;REDE;337;COMETA (SIQUEIRA);VILA PERI;FORTALEZA;B;-3.789045;-38.5864455;QUEIJO MINAS FRESCAL TRAD VALE MILK 250G;R$ 145,34;R$ 0,00;0,00%
COMETA;-;REDE;337;COMETA (SIQUEIRA);VILA PERI;FORTALEZA;B;-3.789045;-38.5864455;QUEIJO MINAS FRESCAL ZERO VALE MILK 250G;R$ 162,18;R$ 0,00;0,00%
COMETA;-;REDE;337;COMETA (SIQUEIRA);VILA PERI;FORTALEZA;B;-3.789045;-38.5864455;RICOTA VALE MILK 200G;R$ 95,88;R$ 0,00;0,00%
REDE PARCERIA;COMPRE MAX;SUBREDE;348;COMPREMAX - SGT HERMINIO;MONTE CASTELO;FORTALEZA;B;-3.730491;-38.5771848;QUEIJO MINAS FRESCAL LIGHT VALE MILK 250G;R$ 117,35;R$ 33,60;28,63%
REDE PARCERIA;COMPRE MAX;SUBREDE;348;COMPREMAX - SGT HERMINIO;MONTE CASTELO;FORTALEZA;B;-3.730491;-38.5771848;QUEIJO MINAS FRESCAL TRAD VALE MILK 250G;R$ 74,05;R$ 41,00;55,37%
REDE PARCERIA;COMPRE MAX;SUBREDE;348;COMPREMAX - SGT HERMINIO;MONTE CASTELO;FORTALEZA;B;-3.730491;-38.5771848;QUEIJO MINAS FRESCAL ZERO VALE MILK 250G;R$ 127,08;R$ 31,50;24,79%
REDE PARCERIA;COMPRE MAX;SUBREDE;348;COMPREMAX - SGT HERMINIO;MONTE CASTELO;FORTALEZA;B;-3.730491;-38.5771848;RICOTA VALE MILK 200G;R$ 77,36;R$ 10,80;13,96%
REDE PARCERIA;SUPER PORTUGAL;SUBREDE;368;SUPER PORTUGAL - TAUAPE;SAO JOAO DO TAUAPE;FORTALEZA;A;-3.7560405;-38.5114051;QUEIJO MINAS FRESCAL LIGHT VALE MILK 250G;R$ 372,81;R$ 0,00;0,00%
REDE PARCERIA;SUPER PORTUGAL;SUBREDE;368;SUPER PORTUGAL - TAUAPE;SAO JOAO DO TAUAPE;FORTALEZA;A;-3.7560405;-38.5114051;QUEIJO MINAS FRESCAL TRAD VALE MILK 250G;R$ 153,75;R$ 0,00;0,00%
REDE PARCERIA;SUPER PORTUGAL;SUBREDE;368;SUPER PORTUGAL - TAUAPE;SAO JOAO DO TAUAPE;FORTALEZA;A;-3.7560405;-38.5114051;QUEIJO MINAS FRESCAL ZERO VALE MILK 250G;R$ 119,70;R$ 0,00;0,00%
REDE PARCERIA;SUPER PORTUGAL;SUBREDE;368;SUPER PORTUGAL - TAUAPE;SAO JOAO DO TAUAPE;FORTALEZA;A;-3.7560405;-38.5114051;RICOTA VALE MILK 200G;R$ 224,17;R$ 0,00;0,00%
REDE EXATA;-;VAREJO;378;ALFREDO SUPERMERCADO;BARROSO;FORTALEZA;B;-3.8227322;-38.5091962;QUEIJO MINAS FRESCAL TRAD VALE MILK 250G;R$ 38,95;R$ 0,00;0,00%
REDE EXATA;-;VAREJO;378;ALFREDO SUPERMERCADO;BARROSO;FORTALEZA;B;-3.8227322;-38.5091962;RICOTA VALE MILK 200G;R$ 59,78;R$ 0,00;0,00%
CENTERBOX;-;REDE;465;CENTERBOX - CEL CARVALHO;BARRA DO CEARA;FORTALEZA;C;-3.7135362;-38.5885703;QUEIJO MINAS FRESCAL LIGHT VALE MILK 250G;R$ 120,80;R$ 9,91;8,20%
CENTERBOX;-;REDE;465;CENTERBOX - CEL CARVALHO;BARRA DO CEARA;FORTALEZA;C;-3.7135362;-38.5885703;QUEIJO MINAS FRESCAL TRAD VALE MILK 250G;R$ 266,47;R$ 46,92;17,61%
CENTERBOX;-;REDE;465;CENTERBOX - CEL CARVALHO;BARRA DO CEARA;FORTALEZA;C;-3.7135362;-38.5885703;QUEIJO MINAS FRESCAL ZERO VALE MILK 250G;R$ 88,90;R$ 9,00;10,12%
CENTERBOX;-;REDE;465;CENTERBOX - CEL CARVALHO;BARRA DO CEARA;FORTALEZA;C;-3.7135362;-38.5885703;RICOTA VALE MILK 200G;R$ 253,29;R$ 5,81;2,29%
REDE PARCERIA;ANALI;SUBREDE;535;ANALI - MARANGUAPE;NOVO MARANGUAPE I;MARANGUAPE;C;-3.8753904;-38.6706474;QUEIJO MINAS FRESCAL TRAD VALE MILK 250G;R$ 33,60;R$ 0,00;0,00%
REDE PARCERIA;ANALI;SUBREDE;535;ANALI - MARANGUAPE;NOVO MARANGUAPE I;MARANGUAPE;C;-3.8753904;-38.6706474;RICOTA VALE MILK 200G;R$ 26,10;R$ 0,00;0,00%
COMETA;-;REDE;548;COMETA (MATOS DOURADO);DOM LUSTOSA;FORTALEZA;C;-3.7498338;-38.5846885;QUEIJO MINAS FRESCAL LIGHT VALE MILK 250G;R$ 232,47;R$ 0,00;0,00%
COMETA;-;REDE;548;COMETA (MATOS DOURADO);DOM LUSTOSA;FORTALEZA;C;-3.7498338;-38.5846885;QUEIJO MINAS FRESCAL TRAD VALE MILK 250G;R$ 221,52;R$ 0,00;0,00%
COMETA;-;REDE;548;COMETA (MATOS DOURADO);DOM LUSTOSA;FORTALEZA;C;-3.7498338;-38.5846885;QUEIJO MINAS FRESCAL ZERO VALE MILK 250G;R$ 244,80;R$ 0,00;0,00%
COMETA;-;REDE;548;COMETA (MATOS DOURADO);DOM LUSTOSA;FORTALEZA;C;-3.7498338;-38.5846885;RICOTA VALE MILK 200G;R$ 141,88;R$ 0,00;0,00%
REDE PARCERIA;SUPER PORTUGAL;SUBREDE;611;SUPER PORTUGAL - MARAPONGA;PARANGABA;FORTALEZA;B;-3.7842908;-38.5691114;QUEIJO MINAS FRESCAL LIGHT VALE MILK 250G;R$ 36,55;R$ 0,00;0,00%
REDE PARCERIA;SUPER PORTUGAL;SUBREDE;611;SUPER PORTUGAL - MARAPONGA;PARANGABA;FORTALEZA;B;-3.7842908;-38.5691114;QUEIJO MINAS FRESCAL TRAD VALE MILK 250G;R$ 37,31;R$ 0,00;0,00%
REDE PARCERIA;SUPER PORTUGAL;SUBREDE;611;SUPER PORTUGAL - MARAPONGA;PARANGABA;FORTALEZA;B;-3.7842908;-38.5691114;QUEIJO MINAS FRESCAL ZERO VALE MILK 250G;R$ 121,95;R$ 0,00;0,00%
REDE PARCERIA;SUPER PORTUGAL;SUBREDE;611;SUPER PORTUGAL - MARAPONGA;PARANGABA;FORTALEZA;B;-3.7842908;-38.5691114;RICOTA VALE MILK 200G;R$ 26,10;R$ 0,00;0,00%
REDE PARCERIA;SUPER PORTUGAL;SUBREDE;620;SUPER PORTUGAL - VILA PERI;VILA PERI;FORTALEZA;B;-3.7802372;-38.5784333;QUEIJO MINAS FRESCAL LIGHT VALE MILK 250G;R$ 75,68;R$ 8,60;11,36%
REDE PARCERIA;SUPER PORTUGAL;SUBREDE;620;SUPER PORTUGAL - VILA PERI;VILA PERI;FORTALEZA;B;-3.7802372;-38.5784333;QUEIJO MINAS FRESCAL TRAD VALE MILK 250G;R$ 107,42;R$ 8,53;7,94%
REDE PARCERIA;SUPER PORTUGAL;SUBREDE;620;SUPER PORTUGAL - VILA PERI;VILA PERI;FORTALEZA;B;-3.7802372;-38.5784333;QUEIJO MINAS FRESCAL ZERO VALE MILK 250G;R$ 166,50;R$ 0,00;0,00%
REDE PARCERIA;SUPER PORTUGAL;SUBREDE;620;SUPER PORTUGAL - VILA PERI;VILA PERI;FORTALEZA;B;-3.7802372;-38.5784333;RICOTA VALE MILK 200G;R$ 165,01;R$ 6,03;3,65%
REDE PARCERIA;MIRELLY;SUBREDE;631;MIRELLY - PRQ SANTA ROSA;PARQUE SANTA ROSA;FORTALEZA;C;-3.819396;-38.592429;QUEIJO MINAS FRESCAL LIGHT VALE MILK 250G;R$ 42,57;R$ 0,00;0,00%
REDE PARCERIA;MIRELLY;SUBREDE;631;MIRELLY - PRQ SANTA ROSA;PARQUE SANTA ROSA;FORTALEZA;C;-3.819396;-38.592429;QUEIJO MINAS FRESCAL TRAD VALE MILK 250G;R$ 41,00;R$ 0,00;0,00%
REDE PARCERIA;ANALI;SUBREDE;646;ANALI - GRANJA LISBOA;GRANJA LISBOA;FORTALEZA;C;-3.7873709;-38.6241432;QUEIJO MINAS FRESCAL TRAD VALE MILK 250G;R$ 237,60;R$ 0,00;0,00%
REDE PARCERIA;ANALI;SUBREDE;646;ANALI - GRANJA LISBOA;GRANJA LISBOA;FORTALEZA;C;-3.7873709;-38.6241432;RICOTA VALE MILK 200G;R$ 174,00;R$ 0,00;0,00%
-;BRASILEIRO;SUBREDE;658;BRASILEIRO - RODOLFO TEOFILO;RODOLFO TEOFILO;FORTALEZA;B;-3.7466444;-38.5504395;QUEIJO MINAS FRESCAL LIGHT VALE MILK 250G;R$ 76,54;R$ 8,60;11,24%
-;BRASILEIRO;SUBREDE;658;BRASILEIRO - RODOLFO TEOFILO;RODOLFO TEOFILO;FORTALEZA;B;-3.7466444;-38.5504395;QUEIJO MINAS FRESCAL TRAD VALE MILK 250G;R$ 76,67;R$ 28,70;37,43%
-;BRASILEIRO;SUBREDE;658;BRASILEIRO - RODOLFO TEOFILO;RODOLFO TEOFILO;FORTALEZA;B;-3.7466444;-38.5504395;QUEIJO MINAS FRESCAL ZERO VALE MILK 250G;R$ 42,75;R$ 31,50;73,68%
-;BRASILEIRO;SUBREDE;658;BRASILEIRO - RODOLFO TEOFILO;RODOLFO TEOFILO;FORTALEZA;B;-3.7466444;-38.5504395;RICOTA VALE MILK 200G;R$ 0,00;R$ 23,20;100,00%
CENTERBOX;-;REDE;663;CENTERBOX - JOAO XXIII;JOAO XXIII;FORTALEZA;C;-3.77289;-38.5882422;QUEIJO MINAS FRESCAL LIGHT VALE MILK 250G;R$ 38,69;R$ 0,00;0,00%
CENTERBOX;-;REDE;663;CENTERBOX - JOAO XXIII;JOAO XXIII;FORTALEZA;C;-3.77289;-38.5882422;QUEIJO MINAS FRESCAL TRAD VALE MILK 250G;R$ 288,12;R$ 9,03;3,13%
CENTERBOX;-;REDE;663;CENTERBOX - JOAO XXIII;JOAO XXIII;FORTALEZA;C;-3.77289;-38.5882422;QUEIJO MINAS FRESCAL ZERO VALE MILK 250G;R$ 43,10;R$ 49,49;114,82%
CENTERBOX;-;REDE;663;CENTERBOX - JOAO XXIII;JOAO XXIII;FORTALEZA;C;-3.77289;-38.5882422;RICOTA VALE MILK 200G;R$ 163,44;R$ 25,54;15,63%
REDE PARCERIA;COMPRE MAX;SUBREDE;709;COMPREMAX - GODOFREDO;PLANALTO AYRTON SENNA;FORTALEZA;C;-3.83265451;-38.58103395;QUEIJO MINAS FRESCAL LIGHT VALE MILK 250G;R$ 82,15;R$ 31,67;38,55%
REDE PARCERIA;COMPRE MAX;SUBREDE;709;COMPREMAX - GODOFREDO;PLANALTO AYRTON SENNA;FORTALEZA;C;-3.83265451;-38.58103395;QUEIJO MINAS FRESCAL TRAD VALE MILK 250G;R$ 155,47;R$ 57,65;37,08%
REDE PARCERIA;COMPRE MAX;SUBREDE;709;COMPREMAX - GODOFREDO;PLANALTO AYRTON SENNA;FORTALEZA;C;-3.83265451;-38.58103395;QUEIJO MINAS FRESCAL ZERO VALE MILK 250G;R$ 130,23;R$ 79,11;60,75%
REDE PARCERIA;COMPRE MAX;SUBREDE;709;COMPREMAX - GODOFREDO;PLANALTO AYRTON SENNA;FORTALEZA;C;-3.83265451;-38.58103395;RICOTA VALE MILK 200G;R$ 100,71;R$ 59,42;59,00%
REDE UNIFORCA;EXITO;SUBREDE;715;EXITO - PRQ POTIRA III;PARQUE GUADALAJARA (JUREMA);CAUCAIA;C;-3.767533;-38.6248232;QUEIJO MINAS FRESCAL LIGHT VALE MILK 250G;R$ 297,56;R$ 68,80;23,12%
REDE UNIFORCA;EXITO;SUBREDE;715;EXITO - PRQ POTIRA III;PARQUE GUADALAJARA (JUREMA);CAUCAIA;C;-3.767533;-38.6248232;QUEIJO MINAS FRESCAL TRAD VALE MILK 250G;R$ 286,42;R$ 52,19;18,22%
REDE PARCERIA;COMPRE MAX;SUBREDE;718;COMPREMAX - JUREMA;PARQUE ALBANO;CAUCAIA;C;-3.77334061;-38.62707738;QUEIJO MINAS FRESCAL LIGHT VALE MILK 250G;R$ 80,89;R$ 0,00;0,00%
REDE PARCERIA;COMPRE MAX;SUBREDE;718;COMPREMAX - JUREMA;PARQUE ALBANO;CAUCAIA;C;-3.77334061;-38.62707738;QUEIJO MINAS FRESCAL TRAD VALE MILK 250G;R$ 115,37;R$ 32,80;28,43%
REDE PARCERIA;COMPRE MAX;SUBREDE;718;COMPREMAX - JUREMA;PARQUE ALBANO;CAUCAIA;C;-3.77334061;-38.62707738;QUEIJO MINAS FRESCAL ZERO VALE MILK 250G;R$ 38,61;R$ 0,00;0,00%
REDE PARCERIA;COMPRE MAX;SUBREDE;718;COMPREMAX - JUREMA;PARQUE ALBANO;CAUCAIA;C;-3.77334061;-38.62707738;RICOTA VALE MILK 200G;R$ 51,30;R$ 0,00;0,00%
REDE UNIFORCA;EXITO;SUBREDE;719;EXITO - PRQ ALBANO;PARQUE ALBANO;CAUCAIA;C;-3.7594355;-38.6163545;QUEIJO MINAS FRESCAL LIGHT VALE MILK 250G;R$ 291,97;R$ 20,81;7,13%
REDE UNIFORCA;EXITO;SUBREDE;719;EXITO - PRQ ALBANO;PARQUE ALBANO;CAUCAIA;C;-3.7594355;-38.6163545;QUEIJO MINAS FRESCAL TRAD VALE MILK 250G;R$ 248,97;R$ 38,87;15,61%
REDE UNIFORCA;R CENTER;SUBREDE;762;R CENTER - PRQ SANTA ROSA;PARQUE SANTA ROSA;FORTALEZA;C;-3.8119541;-38.5972122;QUEIJO MINAS FRESCAL LIGHT VALE MILK 250G;R$ 335,40;R$ 25,37;7,56%
REDE UNIFORCA;R CENTER;SUBREDE;762;R CENTER - PRQ SANTA ROSA;PARQUE SANTA ROSA;FORTALEZA;C;-3.8119541;-38.5972122;QUEIJO MINAS FRESCAL TRAD VALE MILK 250G;R$ 398,93;R$ 146,53;36,73%
REDE UNIFORCA;R CENTER;SUBREDE;762;R CENTER - PRQ SANTA ROSA;PARQUE SANTA ROSA;FORTALEZA;C;-3.8119541;-38.5972122;RICOTA VALE MILK 200G;R$ 111,94;R$ 26,50;23,67%
REDE UNIFORCA;VARIEDADES SUPERMERCADO;SUBREDE;763;VARIEDADES SUPERMERCADOS - LJ 01;NOVA METROPOLE;CAUCAIA;C;-3.7654576;-38.65276694;QUEIJO MINAS FRESCAL LIGHT VALE MILK 250G;R$ 251,12;R$ 0,00;0,00%
REDE UNIFORCA;VARIEDADES SUPERMERCADO;SUBREDE;763;VARIEDADES SUPERMERCADOS - LJ 01;NOVA METROPOLE;CAUCAIA;C;-3.7654576;-38.65276694;QUEIJO MINAS FRESCAL TRAD VALE MILK 250G;R$ 242,31;R$ 0,00;0,00%
REDE UNIFORCA;VARIEDADES SUPERMERCADO;SUBREDE;763;VARIEDADES SUPERMERCADOS - LJ 01;NOVA METROPOLE;CAUCAIA;C;-3.7654576;-38.65276694;QUEIJO MINAS FRESCAL ZERO VALE MILK 250G;R$ 88,65;R$ 0,00;0,00%
REDE UNIFORCA;CANTINHO DAS FRUTAS;SUBREDE;830;CANTINHO DAS FRUTAS - JACARECANGA;JACARECANGA;FORTALEZA;C;-3.706271;-38.574687;QUEIJO MINAS FRESCAL LIGHT VALE MILK 250G;R$ 78,69;R$ 0,00;0,00%
REDE UNIFORCA;CANTINHO DAS FRUTAS;SUBREDE;830;CANTINHO DAS FRUTAS - JACARECANGA;JACARECANGA;FORTALEZA;C;-3.706271;-38.574687;QUEIJO MINAS FRESCAL TRAD VALE MILK 250G;R$ 76,67;R$ 0,00;0,00%
REDE UNIFORCA;CANTINHO DAS FRUTAS;SUBREDE;830;CANTINHO DAS FRUTAS - JACARECANGA;JACARECANGA;FORTALEZA;C;-3.706271;-38.574687;QUEIJO MINAS FRESCAL ZERO VALE MILK 250G;R$ 77,40;R$ 0,00;0,00%
REDE UNIFORCA;CANTINHO DAS FRUTAS;SUBREDE;830;CANTINHO DAS FRUTAS - JACARECANGA;JACARECANGA;FORTALEZA;C;-3.706271;-38.574687;RICOTA VALE MILK 200G;R$ 53,65;R$ 0,00;0,00%
COMETA;-;REDE;838;COMETA (ANTONIO SALES);DIONISIO TORRES;FORTALEZA;A;-3.7440036;-38.5080673;QUEIJO MINAS FRESCAL LIGHT VALE MILK 250G;R$ 122,21;R$ 0,00;0,00%
COMETA;-;REDE;838;COMETA (ANTONIO SALES);DIONISIO TORRES;FORTALEZA;A;-3.7440036;-38.5080673;QUEIJO MINAS FRESCAL TRAD VALE MILK 250G;R$ 78,17;R$ 0,00;0,00%
COMETA;-;REDE;838;COMETA (ANTONIO SALES);DIONISIO TORRES;FORTALEZA;A;-3.7440036;-38.5080673;QUEIJO MINAS FRESCAL ZERO VALE MILK 250G;R$ 166,14;R$ 0,00;0,00%
COMETA;-;REDE;838;COMETA (ANTONIO SALES);DIONISIO TORRES;FORTALEZA;A;-3.7440036;-38.5080673;RICOTA VALE MILK 200G;R$ 45,75;R$ 0,00;0,00%
REDE UNIFORCA;CANTINHO DAS FRUTAS;SUBREDE;840;CANTINHO DAS FRUTAS - PIRAMBU;PIRAMBU;FORTALEZA;C;-3.7128686;-38.5486857;QUEIJO MINAS FRESCAL LIGHT VALE MILK 250G;R$ 117,39;R$ 0,00;0,00%
REDE UNIFORCA;CANTINHO DAS FRUTAS;SUBREDE;840;CANTINHO DAS FRUTAS - PIRAMBU;PIRAMBU;FORTALEZA;C;-3.7128686;-38.5486857;QUEIJO MINAS FRESCAL TRAD VALE MILK 250G;R$ 106,19;R$ 0,00;0,00%
REDE UNIFORCA;CANTINHO DAS FRUTAS;SUBREDE;840;CANTINHO DAS FRUTAS - PIRAMBU;PIRAMBU;FORTALEZA;C;-3.7128686;-38.5486857;QUEIJO MINAS FRESCAL ZERO VALE MILK 250G;R$ 148,50;R$ 0,00;0,00%
REDE UNIFORCA;CANTINHO DAS FRUTAS;SUBREDE;840;CANTINHO DAS FRUTAS - PIRAMBU;PIRAMBU;FORTALEZA;C;-3.7128686;-38.5486857;RICOTA VALE MILK 200G;R$ 109,62;R$ 0,00;0,00%
CENTERBOX;-;REDE;862;CENTERBOX - PRQ GENIBAU;PARQUE GENIBAU;FORTALEZA;C;-3.7566112;-38.6024185;QUEIJO MINAS FRESCAL LIGHT VALE MILK 250G;R$ 0,00;R$ 9,13;100,00%
CENTERBOX;-;REDE;862;CENTERBOX - PRQ GENIBAU;PARQUE GENIBAU;FORTALEZA;C;-3.7566112;-38.6024185;QUEIJO MINAS FRESCAL TRAD VALE MILK 250G;R$ 110,92;R$ 0,00;0,00%
CENTERBOX;-;REDE;862;CENTERBOX - PRQ GENIBAU;PARQUE GENIBAU;FORTALEZA;C;-3.7566112;-38.6024185;RICOTA VALE MILK 200G;R$ 81,14;R$ 0,00;0,00%
COMETA;-;REDE;874;COMETA (JOAO CARLOS);SERRINHA;FORTALEZA;C;-3.782635;-38.5538401;QUEIJO MINAS FRESCAL LIGHT VALE MILK 250G;R$ 193,88;R$ 0,00;0,00%
COMETA;-;REDE;874;COMETA (JOAO CARLOS);SERRINHA;FORTALEZA;C;-3.782635;-38.5538401;QUEIJO MINAS FRESCAL TRAD VALE MILK 250G;R$ 79,46;R$ 0,00;0,00%
COMETA;-;REDE;874;COMETA (JOAO CARLOS);SERRINHA;FORTALEZA;C;-3.782635;-38.5538401;QUEIJO MINAS FRESCAL ZERO VALE MILK 250G;R$ 127,17;R$ 0,00;0,00%
COMETA;-;REDE;874;COMETA (JOAO CARLOS);SERRINHA;FORTALEZA;C;-3.782635;-38.5538401;RICOTA VALE MILK 200G;R$ 117,75;R$ 0,00;0,00%
REDE PARCERIA;SUPER PORTUGAL;SUBREDE;884;SUPER PORTUGAL - CIDADE DOS FUNC;CIDADE DOS FUNCIONARIOS;FORTALEZA;B;-3.7899059;-38.495258;QUEIJO MINAS FRESCAL LIGHT VALE MILK 250G;R$ 121,69;R$ 35,69;29,33%
REDE PARCERIA;SUPER PORTUGAL;SUBREDE;884;SUPER PORTUGAL - CIDADE DOS FUNC;CIDADE DOS FUNCIONARIOS;FORTALEZA;B;-3.7899059;-38.495258;QUEIJO MINAS FRESCAL TRAD VALE MILK 250G;R$ 202,95;R$ 0,00;0,00%
REDE PARCERIA;SUPER PORTUGAL;SUBREDE;884;SUPER PORTUGAL - CIDADE DOS FUNC;CIDADE DOS FUNCIONARIOS;FORTALEZA;B;-3.7899059;-38.495258;QUEIJO MINAS FRESCAL ZERO VALE MILK 250G;R$ 213,75;R$ 0,00;0,00%
REDE PARCERIA;SUPER PORTUGAL;SUBREDE;884;SUPER PORTUGAL - CIDADE DOS FUNC;CIDADE DOS FUNCIONARIOS;FORTALEZA;B;-3.7899059;-38.495258;RICOTA VALE MILK 200G;R$ 223,01;R$ 0,00;0,00%
REDE UNIFORCA;SANTA EDWIRGENS;SUBREDE;898;SANTA EDWIGES - JD GUANABARA - LJ 01;QUINTINO CUNHA;FORTALEZA;B;-3.7249377;-38.5890115;QUEIJO MINAS FRESCAL LIGHT VALE MILK 250G;R$ 633,82;R$ 172,18;27,17%
REDE UNIFORCA;SANTA EDWIRGENS;SUBREDE;898;SANTA EDWIGES - JD GUANABARA - LJ 01;QUINTINO CUNHA;FORTALEZA;B;-3.7249377;-38.5890115;QUEIJO MINAS FRESCAL TRAD VALE MILK 250G;R$ 724,91;R$ 8,45;1,17%
REDE UNIFORCA;SANTA EDWIRGENS;SUBREDE;898;SANTA EDWIGES - JD GUANABARA - LJ 01;QUINTINO CUNHA;FORTALEZA;B;-3.7249377;-38.5890115;QUEIJO MINAS FRESCAL ZERO VALE MILK 250G;R$ 806,37;R$ 52,42;6,50%
REDE UNIFORCA;SANTA EDWIRGENS;SUBREDE;898;SANTA EDWIGES - JD GUANABARA - LJ 01;QUINTINO CUNHA;FORTALEZA;B;-3.7249377;-38.5890115;RICOTA VALE MILK 200G;R$ 174,02;R$ 0,00;0,00%
REDE INTEGRADA;SUPER PRECO BOM;SUBREDE;931;MERCADINHO RAIMUNDINHO;JUREMA;CAUCAIA;C;-3.766361;-38.6211393;QUEIJO MINAS FRESCAL LIGHT VALE MILK 250G;R$ 38,70;R$ 10,75;27,78%
REDE INTEGRADA;SUPER PRECO BOM;SUBREDE;931;MERCADINHO RAIMUNDINHO;JUREMA;CAUCAIA;C;-3.766361;-38.6211393;QUEIJO MINAS FRESCAL TRAD VALE MILK 250G;R$ 36,08;R$ 0,00;0,00%
REDE INTEGRADA;SUPER PRECO BOM;SUBREDE;931;MERCADINHO RAIMUNDINHO;JUREMA;CAUCAIA;C;-3.766361;-38.6211393;RICOTA VALE MILK 200G;R$ 114,55;R$ 16,07;14,03%
COMETA;-;REDE;942;COMETA (ILDEFONSO ALBANO);JOAQUIM TAVORA;FORTALEZA;A;-3.7407932;-38.516113;QUEIJO MINAS FRESCAL LIGHT VALE MILK 250G;R$ 114,47;R$ 8,34;7,29%
COMETA;-;REDE;942;COMETA (ILDEFONSO ALBANO);JOAQUIM TAVORA;FORTALEZA;A;-3.7407932;-38.516113;QUEIJO MINAS FRESCAL TRAD VALE MILK 250G;R$ 184,13;R$ 7,87;4,27%
COMETA;-;REDE;942;COMETA (ILDEFONSO ALBANO);JOAQUIM TAVORA;FORTALEZA;A;-3.7407932;-38.516113;QUEIJO MINAS FRESCAL ZERO VALE MILK 250G;R$ 125,73;R$ 0,00;0,00%
COMETA;-;REDE;942;COMETA (ILDEFONSO ALBANO);JOAQUIM TAVORA;FORTALEZA;A;-3.7407932;-38.516113;RICOTA VALE MILK 200G;R$ 70,38;R$ 0,00;0,00%
COMETA;-;REDE;950;COMETA (VILA VELHA);VILA VELHA;FORTALEZA;C;-3.7233183;-38.5963513;QUEIJO MINAS FRESCAL LIGHT VALE MILK 250G;R$ 81,90;R$ 0,00;0,00%
COMETA;-;REDE;950;COMETA (VILA VELHA);VILA VELHA;FORTALEZA;C;-3.7233183;-38.5963513;QUEIJO MINAS FRESCAL TRAD VALE MILK 250G;R$ 111,77;R$ 8,69;7,78%
COMETA;-;REDE;950;COMETA (VILA VELHA);VILA VELHA;FORTALEZA;C;-3.7233183;-38.5963513;QUEIJO MINAS FRESCAL ZERO VALE MILK 250G;R$ 79,47;R$ 0,00;0,00%
COMETA;-;REDE;950;COMETA (VILA VELHA);VILA VELHA;FORTALEZA;C;-3.7233183;-38.5963513;RICOTA VALE MILK 200G;R$ 46,75;R$ 4,30;9,20%
COMETA;-;REDE;954;COMETA (JOAQUIM FELICIO);MESSEJANA;FORTALEZA;B;-3.8301305;-38.4875383;QUEIJO MINAS FRESCAL LIGHT VALE MILK 250G;R$ 198,09;R$ 17,53;8,85%
COMETA;-;REDE;954;COMETA (JOAQUIM FELICIO);MESSEJANA;FORTALEZA;B;-3.8301305;-38.4875383;QUEIJO MINAS FRESCAL TRAD VALE MILK 250G;R$ 114,99;R$ 53,89;46,86%
COMETA;-;REDE;954;COMETA (JOAQUIM FELICIO);MESSEJANA;FORTALEZA;B;-3.8301305;-38.4875383;QUEIJO MINAS FRESCAL ZERO VALE MILK 250G;R$ 126,72;R$ 0,00;0,00%
COMETA;-;REDE;954;COMETA (JOAQUIM FELICIO);MESSEJANA;FORTALEZA;B;-3.8301305;-38.4875383;RICOTA VALE MILK 200G;R$ 46,50;R$ 0,00;0,00%
COMETA;-;REDE;958;COMETA (PINTO MADEIRA);ALDEOTA;FORTALEZA;A;-3.7338116;-38.5136501;QUEIJO MINAS FRESCAL LIGHT VALE MILK 250G;R$ 268,48;R$ 0,00;0,00%
COMETA;-;REDE;958;COMETA (PINTO MADEIRA);ALDEOTA;FORTALEZA;A;-3.7338116;-38.5136501;QUEIJO MINAS FRESCAL TRAD VALE MILK 250G;R$ 192,89;R$ 0,00;0,00%
COMETA;-;REDE;958;COMETA (PINTO MADEIRA);ALDEOTA;FORTALEZA;A;-3.7338116;-38.5136501;QUEIJO MINAS FRESCAL ZERO VALE MILK 250G;R$ 287,46;R$ 0,00;0,00%
COMETA;-;REDE;958;COMETA (PINTO MADEIRA);ALDEOTA;FORTALEZA;A;-3.7338116;-38.5136501;RICOTA VALE MILK 200G;R$ 93,88;R$ 0,00;0,00%
COMETA;-;REDE;967;COMETA (J DA PENHA);CENTRO;FORTALEZA;B;-3.7374817;-38.5204755;QUEIJO MINAS FRESCAL LIGHT VALE MILK 250G;R$ 244,50;R$ 18,39;7,52%
COMETA;-;REDE;967;COMETA (J DA PENHA);CENTRO;FORTALEZA;B;-3.7374817;-38.5204755;QUEIJO MINAS FRESCAL TRAD VALE MILK 250G;R$ 77,34;R$ 32,81;42,42%
COMETA;-;REDE;967;COMETA (J DA PENHA);CENTRO;FORTALEZA;B;-3.7374817;-38.5204755;QUEIJO MINAS FRESCAL ZERO VALE MILK 250G;R$ 196,29;R$ 0,00;0,00%
COMETA;-;REDE;967;COMETA (J DA PENHA);CENTRO;FORTALEZA;B;-3.7374817;-38.5204755;RICOTA VALE MILK 200G;R$ 70,13;R$ 0,00;0,00%
CENTERBOX;-;REDE;972;CENTERBOX - CONCEITO;COCO;FORTALEZA;A;-3.7424091;-38.4867581;QUEIJO MINAS FRESCAL TRAD VALE MILK 250G;R$ 421,19;R$ 336,77;79,96%
CENTERBOX;-;REDE;972;CENTERBOX - CONCEITO;COCO;FORTALEZA;A;-3.7424091;-38.4867581;RICOTA VALE MILK 200G;R$ 334,72;R$ 69,67;20,81%
COMETA;-;REDE;976;COMETA (HENRIQUE JORGE);HENRIQUE JORGE;FORTALEZA;C;-3.7598094;-38.5861946;QUEIJO MINAS FRESCAL LIGHT VALE MILK 250G;R$ 116,19;R$ 0,00;0,00%
COMETA;-;REDE;976;COMETA (HENRIQUE JORGE);HENRIQUE JORGE;FORTALEZA;C;-3.7598094;-38.5861946;QUEIJO MINAS FRESCAL TRAD VALE MILK 250G;R$ 151,56;R$ 0,00;0,00%
COMETA;-;REDE;976;COMETA (HENRIQUE JORGE);HENRIQUE JORGE;FORTALEZA;C;-3.7598094;-38.5861946;QUEIJO MINAS FRESCAL ZERO VALE MILK 250G;R$ 116,37;R$ 18,72;16,09%
COMETA;-;REDE;976;COMETA (HENRIQUE JORGE);HENRIQUE JORGE;FORTALEZA;C;-3.7598094;-38.5861946;RICOTA VALE MILK 200G;R$ 46,50;R$ 0,00;0,00%
COMETA;-;REDE;989;COMETA (CASTELO BRANCO);BARRA DO CEARA;FORTALEZA;C;-3.7049139;-38.5780082;QUEIJO MINAS FRESCAL LIGHT VALE MILK 250G;R$ 403,49;R$ 0,00;0,00%
COMETA;-;REDE;989;COMETA (CASTELO BRANCO);BARRA DO CEARA;FORTALEZA;C;-3.7049139;-38.5780082;QUEIJO MINAS FRESCAL TRAD VALE MILK 250G;R$ 77,34;R$ 0,00;0,00%
COMETA;-;REDE;989;COMETA (CASTELO BRANCO);BARRA DO CEARA;FORTALEZA;C;-3.7049139;-38.5780082;QUEIJO MINAS FRESCAL ZERO VALE MILK 250G;R$ 84,42;R$ 0,00;0,00%
COMETA;-;REDE;1004;COMETA (WALDIR DIOGO);NOVO MONDUBIM;FORTALEZA;C;-3.8009513;-38.586656;QUEIJO MINAS FRESCAL LIGHT VALE MILK 250G;R$ 232,47;R$ 0,00;0,00%
COMETA;-;REDE;1004;COMETA (WALDIR DIOGO);NOVO MONDUBIM;FORTALEZA;C;-3.8009513;-38.586656;QUEIJO MINAS FRESCAL TRAD VALE MILK 250G;R$ 118,34;R$ 0,00;0,00%
COMETA;-;REDE;1004;COMETA (WALDIR DIOGO);NOVO MONDUBIM;FORTALEZA;C;-3.8009513;-38.586656;QUEIJO MINAS FRESCAL ZERO VALE MILK 250G;R$ 205,74;R$ 0,00;0,00%
COMETA;-;REDE;1004;COMETA (WALDIR DIOGO);NOVO MONDUBIM;FORTALEZA;C;-3.8009513;-38.586656;RICOTA VALE MILK 200G;R$ 116,25;R$ 0,00;0,00%
COMETA;-;REDE;1006;COMETA (FREI CIRILO);MESSEJANA;FORTALEZA;B;-3.8194034;-38.4963739;QUEIJO MINAS FRESCAL LIGHT VALE MILK 250G;R$ 111,98;R$ 96,16;85,87%
COMETA;-;REDE;1006;COMETA (FREI CIRILO);MESSEJANA;FORTALEZA;B;-3.8194034;-38.4963739;QUEIJO MINAS FRESCAL TRAD VALE MILK 250G;R$ 110,97;R$ 8,70;7,84%
COMETA;-;REDE;1006;COMETA (FREI CIRILO);MESSEJANA;FORTALEZA;B;-3.8194034;-38.4963739;QUEIJO MINAS FRESCAL ZERO VALE MILK 250G;R$ 120,78;R$ 0,00;0,00%
COMETA;-;REDE;1006;COMETA (FREI CIRILO);MESSEJANA;FORTALEZA;B;-3.8194034;-38.4963739;RICOTA VALE MILK 200G;R$ 116,50;R$ 33,05;28,37%
COMETA;-;REDE;1011;COMETA (MARACANAU);BOA VISTA;MARACANAU;C;-3.8819005;-38.62523;QUEIJO MINAS FRESCAL LIGHT VALE MILK 250G;R$ 40,31;R$ 0,00;0,00%
COMETA;-;REDE;1011;COMETA (MARACANAU);BOA VISTA;MARACANAU;C;-3.8819005;-38.62523;QUEIJO MINAS FRESCAL TRAD VALE MILK 250G;R$ 76,52;R$ 8,53;11,15%
COMETA;-;REDE;1011;COMETA (MARACANAU);BOA VISTA;MARACANAU;C;-3.8819005;-38.62523;QUEIJO MINAS FRESCAL ZERO VALE MILK 250G;R$ 125,82;R$ 0,00;0,00%
COMETA;-;REDE;1011;COMETA (MARACANAU);BOA VISTA;MARACANAU;C;-3.8819005;-38.62523;RICOTA VALE MILK 200G;R$ 92,63;R$ 0,00;0,00%
COMETA;-;REDE;1025;COMETA (JULIO LIMA);CIDADE DOS FUNCIONARIOS;FORTALEZA;B;-3.7960364;-38.4990562;QUEIJO MINAS FRESCAL LIGHT VALE MILK 250G;R$ 236,34;R$ 0,00;0,00%
COMETA;-;REDE;1025;COMETA (JULIO LIMA);CIDADE DOS FUNCIONARIOS;FORTALEZA;B;-3.7960364;-38.4990562;QUEIJO MINAS FRESCAL TRAD VALE MILK 250G;R$ 74,06;R$ 0,00;0,00%
COMETA;-;REDE;1025;COMETA (JULIO LIMA);CIDADE DOS FUNCIONARIOS;FORTALEZA;B;-3.7960364;-38.4990562;QUEIJO MINAS FRESCAL ZERO VALE MILK 250G;R$ 245,70;R$ 0,00;0,00%
COMETA;-;REDE;1025;COMETA (JULIO LIMA);CIDADE DOS FUNCIONARIOS;FORTALEZA;B;-3.7960364;-38.4990562;RICOTA VALE MILK 200G;R$ 70,25;R$ 0,00;0,00%
COMETA;-;REDE;1034;COMETA (JOSE WALTER 01);PREFEITO JOSE WALTER;FORTALEZA;C;-3.83055313;-38.56049735;QUEIJO MINAS FRESCAL LIGHT VALE MILK 250G;R$ 192,16;R$ 8,08;4,20%
COMETA;-;REDE;1034;COMETA (JOSE WALTER 01);PREFEITO JOSE WALTER;FORTALEZA;C;-3.83055313;-38.56049735;QUEIJO MINAS FRESCAL TRAD VALE MILK 250G;R$ 36,42;R$ 17,63;48,41%
COMETA;-;REDE;1034;COMETA (JOSE WALTER 01);PREFEITO JOSE WALTER;FORTALEZA;C;-3.83055313;-38.56049735;QUEIJO MINAS FRESCAL ZERO VALE MILK 250G;R$ 122,22;R$ 11,79;9,65%
COMETA;-;REDE;1034;COMETA (JOSE WALTER 01);PREFEITO JOSE WALTER;FORTALEZA;C;-3.83055313;-38.56049735;RICOTA VALE MILK 200G;R$ 92,63;R$ 3,80;4,10%
COMETA;-;REDE;1043;COMETA (SERRINHA);SERRINHA;FORTALEZA;C;-3.787502;-38.547114;QUEIJO MINAS FRESCAL LIGHT VALE MILK 250G;R$ 231,18;R$ 0,00;0,00%
COMETA;-;REDE;1043;COMETA (SERRINHA);SERRINHA;FORTALEZA;C;-3.787502;-38.547114;QUEIJO MINAS FRESCAL TRAD VALE MILK 250G;R$ 36,42;R$ 0,00;0,00%
COMETA;-;REDE;1043;COMETA (SERRINHA);SERRINHA;FORTALEZA;C;-3.787502;-38.547114;QUEIJO MINAS FRESCAL ZERO VALE MILK 250G;R$ 206,55;R$ 0,00;0,00%
COMETA;-;REDE;1043;COMETA (SERRINHA);SERRINHA;FORTALEZA;C;-3.787502;-38.547114;RICOTA VALE MILK 200G;R$ 94,63;R$ 0,00;0,00%
COMETA;-;REDE;1049;COMETA (OLIVEIRA PAIVA);PARQUE MANIBURA;FORTALEZA;B;-3.7955137;-38.4901664;QUEIJO MINAS FRESCAL LIGHT VALE MILK 250G;R$ 40,31;R$ 0,00;0,00%
COMETA;-;REDE;1049;COMETA (OLIVEIRA PAIVA);PARQUE MANIBURA;FORTALEZA;B;-3.7955137;-38.4901664;QUEIJO MINAS FRESCAL TRAD VALE MILK 250G;R$ 74,47;R$ 0,00;0,00%
COMETA;-;REDE;1049;COMETA (OLIVEIRA PAIVA);PARQUE MANIBURA;FORTALEZA;B;-3.7955137;-38.4901664;QUEIJO MINAS FRESCAL ZERO VALE MILK 250G;R$ 39,96;R$ 0,00;0,00%
COMETA;-;REDE;1049;COMETA (OLIVEIRA PAIVA);PARQUE MANIBURA;FORTALEZA;B;-3.7955137;-38.4901664;RICOTA VALE MILK 200G;R$ 46,75;R$ 0,00;0,00%
COMETA;-;REDE;1058;COMETA (VIRGILIO TAVORA);MEIRELES;FORTALEZA;A;-3.7344387;-38.4922603;QUEIJO MINAS FRESCAL LIGHT VALE MILK 250G;R$ 81,90;R$ 0,00;0,00%
COMETA;-;REDE;1058;COMETA (VIRGILIO TAVORA);MEIRELES;FORTALEZA;A;-3.7344387;-38.4922603;QUEIJO MINAS FRESCAL TRAD VALE MILK 250G;R$ 192,81;R$ 0,00;0,00%
COMETA;-;REDE;1058;COMETA (VIRGILIO TAVORA);MEIRELES;FORTALEZA;A;-3.7344387;-38.4922603;QUEIJO MINAS FRESCAL ZERO VALE MILK 250G;R$ 247,41;R$ 0,00;0,00%
COMETA;-;REDE;1058;COMETA (VIRGILIO TAVORA);MEIRELES;FORTALEZA;A;-3.7344387;-38.4922603;RICOTA VALE MILK 200G;R$ 141,50;R$ 0,00;0,00%
REDE EXATA;-;VAREJO;1226;MERCANTIL NOVO BOX LTDA;CRISTO REDENTOR;FORTALEZA;C;-3.7123457;-38.5589927;QUEIJO MINAS FRESCAL LIGHT VALE MILK 250G;R$ 118,06;R$ 0,00;0,00%
REDE EXATA;-;VAREJO;1226;MERCANTIL NOVO BOX LTDA;CRISTO REDENTOR;FORTALEZA;C;-3.7123457;-38.5589927;QUEIJO MINAS FRESCAL TRAD VALE MILK 250G;R$ 36,22;R$ 0,00;0,00%
REDE EXATA;-;VAREJO;1226;MERCANTIL NOVO BOX LTDA;CRISTO REDENTOR;FORTALEZA;C;-3.7123457;-38.5589927;QUEIJO MINAS FRESCAL ZERO VALE MILK 250G;R$ 123,98;R$ 0,00;0,00%
REDE EXATA;-;VAREJO;1226;MERCANTIL NOVO BOX LTDA;CRISTO REDENTOR;FORTALEZA;C;-3.7123457;-38.5589927;RICOTA VALE MILK 200G;R$ 159,79;R$ 0,00;0,00%
REDE UNIFORCA;VITORIA REAL;SUBREDE;1230;VITORIA REAL;NOVA METROPOLE;CAUCAIA;C;-3.7716837;-38.6552574;QUEIJO MINAS FRESCAL LIGHT VALE MILK 250G;R$ 162,54;R$ 18,49;11,38%
REDE UNIFORCA;VITORIA REAL;SUBREDE;1230;VITORIA REAL;NOVA METROPOLE;CAUCAIA;C;-3.7716837;-38.6552574;QUEIJO MINAS FRESCAL TRAD VALE MILK 250G;R$ 234,11;R$ 24,36;10,41%
REDE UNIFORCA;VITORIA REAL;SUBREDE;1230;VITORIA REAL;NOVA METROPOLE;CAUCAIA;C;-3.7716837;-38.6552574;RICOTA VALE MILK 200G;R$ 170,23;R$ 0,00;0,00%
REDE POUPE MAX;SUPERMERCADO MAR & SOL;SUBREDE;1450;SUPERMERCADO MAR & SOL;ICARAI;CAUCAIA;C;-3.67349324;-38.66970537;QUEIJO MINAS FRESCAL LIGHT VALE MILK 250G;R$ 0,00;R$ 26,66;100,00%
REDE POUPE MAX;SUPERMERCADO MAR & SOL;SUBREDE;1450;SUPERMERCADO MAR & SOL;ICARAI;CAUCAIA;C;-3.67349324;-38.66970537;QUEIJO MINAS FRESCAL TRAD VALE MILK 250G;R$ 39,00;R$ 8,77;22,49%
REDE POUPE MAX;SUPERMERCADO MAR & SOL;SUBREDE;1450;SUPERMERCADO MAR & SOL;ICARAI;CAUCAIA;C;-3.67349324;-38.66970537;QUEIJO MINAS FRESCAL ZERO VALE MILK 250G;R$ 37,41;R$ 0,00;0,00%
REDE POUPE MAX;SUPERMERCADO MAR & SOL;SUBREDE;1450;SUPERMERCADO MAR & SOL;ICARAI;CAUCAIA;C;-3.67349324;-38.66970537;RICOTA VALE MILK 200G;R$ 27,00;R$ 3,19;11,82%
COMETA;-;REDE;1482;COMETA (JOSE LEON);CIDADE DOS FUNCIONARIOS;FORTALEZA;B;-3.7882169;-38.50204381;QUEIJO MINAS FRESCAL LIGHT VALE MILK 250G;R$ 113,70;R$ 0,00;0,00%
COMETA;-;REDE;1482;COMETA (JOSE LEON);CIDADE DOS FUNCIONARIOS;FORTALEZA;B;-3.7882169;-38.50204381;QUEIJO MINAS FRESCAL TRAD VALE MILK 250G;R$ 110,97;R$ 0,00;0,00%
COMETA;-;REDE;1482;COMETA (JOSE LEON);CIDADE DOS FUNCIONARIOS;FORTALEZA;B;-3.7882169;-38.50204381;QUEIJO MINAS FRESCAL ZERO VALE MILK 250G;R$ 212,04;R$ 0,00;0,00%
COMETA;-;REDE;1482;COMETA (JOSE LEON);CIDADE DOS FUNCIONARIOS;FORTALEZA;B;-3.7882169;-38.50204381;RICOTA VALE MILK 200G;R$ 70,38;R$ 0,00;0,00%
REDE UNIFORCA;-;VAREJO;1708;NOSSA SRA DE FATIMA;CONJUNTO INDUSTRIAL;MARACANAU;C;-3.8359504;-38.5950891;QUEIJO MINAS FRESCAL LIGHT VALE MILK 250G;R$ 251,98;R$ 146,20;58,02%
REDE UNIFORCA;-;VAREJO;1708;NOSSA SRA DE FATIMA;CONJUNTO INDUSTRIAL;MARACANAU;C;-3.8359504;-38.5950891;QUEIJO MINAS FRESCAL TRAD VALE MILK 250G;R$ 156,21;R$ 122,67;78,53%
REDE UNIFORCA;-;VAREJO;1708;NOSSA SRA DE FATIMA;CONJUNTO INDUSTRIAL;MARACANAU;C;-3.8359504;-38.5950891;RICOTA VALE MILK 200G;R$ 109,04;R$ 34,80;31,91%
-;-;VAREJO;1873;PANIFICADORA BOA OPCAO;JARI;MARACANAU;C;-3.8219527;-38.6279053;RICOTA VALE MILK 200G;R$ 11,31;R$ 0,00;0,00%
MAX REDE;SUPER SAO FRANCISCO;SUBREDE;1967;SAO FRANCISCO - FILIAL LJ 02;BOM JARDIM;FORTALEZA;C;-3.7865804;-38.5979579;RICOTA VALE MILK 200G;R$ 0,00;R$ 5,39;100,00%
-;PROGRESSO;SUBREDE;1998;SUPERMERCADO PROGRESSO;TIMBO;MARACANAU;C;-3.8775392;-38.6087159;QUEIJO MINAS FRESCAL LIGHT VALE MILK 250G;R$ 417,53;R$ 0,00;0,00%
-;PROGRESSO;SUBREDE;1998;SUPERMERCADO PROGRESSO;TIMBO;MARACANAU;C;-3.8775392;-38.6087159;QUEIJO MINAS FRESCAL TRAD VALE MILK 250G;R$ 153,75;R$ 32,80;21,33%
-;PROGRESSO;SUBREDE;1998;SUPERMERCADO PROGRESSO;TIMBO;MARACANAU;C;-3.8775392;-38.6087159;QUEIJO MINAS FRESCAL ZERO VALE MILK 250G;R$ 491,40;R$ 0,00;0,00%
-;PROGRESSO;SUBREDE;1998;SUPERMERCADO PROGRESSO;TIMBO;MARACANAU;C;-3.8775392;-38.6087159;RICOTA VALE MILK 200G;R$ 56,26;R$ 11,60;20,62%
-;NOVO SIQUEIRA;SUBREDE;2126;NOVO SIQUEIRA;NOVO SIQUEIRA;FORTALEZA;C;-3.80892581;-38.62755341;RICOTA VALE MILK 200G;R$ 86,13;R$ 0,00;0,00%
REDE POUPE MAX;SUPER CUMBUCO;SUBREDE;2240;SUPER CUMBUCO - CUMBUCO - LJ 01;CUMBUCO;CAUCAIA;A;-3.625908;-38.7283622;QUEIJO MINAS FRESCAL LIGHT VALE MILK 250G;R$ 142,33;R$ 10,91;7,67%
REDE POUPE MAX;SUPER CUMBUCO;SUBREDE;2240;SUPER CUMBUCO - CUMBUCO - LJ 01;CUMBUCO;CAUCAIA;A;-3.625908;-38.7283622;QUEIJO MINAS FRESCAL TRAD VALE MILK 250G;R$ 565,83;R$ 0,00;0,00%
REDE POUPE MAX;SUPER CUMBUCO;SUBREDE;2240;SUPER CUMBUCO - CUMBUCO - LJ 01;CUMBUCO;CAUCAIA;A;-3.625908;-38.7283622;QUEIJO MINAS FRESCAL ZERO VALE MILK 250G;R$ 355,94;R$ 0,00;0,00%
REDE POUPE MAX;SUPER CUMBUCO;SUBREDE;2240;SUPER CUMBUCO - CUMBUCO - LJ 01;CUMBUCO;CAUCAIA;A;-3.625908;-38.7283622;RICOTA VALE MILK 200G;R$ 80,05;R$ 0,00;0,00%
REDE UNIFORCA;EXITO;SUBREDE;2279;EXITO - ACAPULCO;PARQUE GUADALAJARA (JUREMA);CAUCAIA;C;-3.758694;-38.625415;QUEIJO MINAS FRESCAL LIGHT VALE MILK 250G;R$ 128,57;R$ 17,11;13,31%
REDE UNIFORCA;EXITO;SUBREDE;2279;EXITO - ACAPULCO;PARQUE GUADALAJARA (JUREMA);CAUCAIA;C;-3.758694;-38.625415;QUEIJO MINAS FRESCAL TRAD VALE MILK 250G;R$ 289,88;R$ 53,06;18,30%
COMETA;-;REDE;2309;COMETA (TREZE DE MAIO);FATIMA;FORTALEZA;B;-3.7495749;-38.5285489;QUEIJO MINAS FRESCAL LIGHT VALE MILK 250G;R$ 283,00;R$ 0,00;0,00%
COMETA;-;REDE;2309;COMETA (TREZE DE MAIO);FATIMA;FORTALEZA;B;-3.7495749;-38.5285489;QUEIJO MINAS FRESCAL TRAD VALE MILK 250G;R$ 72,83;R$ 0,00;0,00%
COMETA;-;REDE;2309;COMETA (TREZE DE MAIO);FATIMA;FORTALEZA;B;-3.7495749;-38.5285489;QUEIJO MINAS FRESCAL ZERO VALE MILK 250G;R$ 295,47;R$ 0,00;0,00%
COMETA;-;REDE;2309;COMETA (TREZE DE MAIO);FATIMA;FORTALEZA;B;-3.7495749;-38.5285489;RICOTA VALE MILK 200G;R$ 162,38;R$ 0,00;0,00%
COMETA;-;REDE;2351;COMETA (OSORIO DE PAIVA);SIQUEIRA;FORTALEZA;B;-3.8109052;-38.6092229;QUEIJO MINAS FRESCAL LIGHT VALE MILK 250G;R$ 77,17;R$ 0,00;0,00%
COMETA;-;REDE;2351;COMETA (OSORIO DE PAIVA);SIQUEIRA;FORTALEZA;B;-3.8109052;-38.6092229;QUEIJO MINAS FRESCAL TRAD VALE MILK 250G;R$ 79,40;R$ 0,00;0,00%
COMETA;-;REDE;2351;COMETA (OSORIO DE PAIVA);SIQUEIRA;FORTALEZA;B;-3.8109052;-38.6092229;QUEIJO MINAS FRESCAL ZERO VALE MILK 250G;R$ 39,96;R$ 0,00;0,00%
COMETA;-;REDE;2351;COMETA (OSORIO DE PAIVA);SIQUEIRA;FORTALEZA;B;-3.8109052;-38.6092229;RICOTA VALE MILK 200G;R$ 24,13;R$ 0,00;0,00%
REDE PARCERIA;SUPERMERCADO VAREJAO;SUBREDE;2355;SUPERMERCADO VAREJAO - MANOEL SATIRO;VILA MANOEL SATIRO;FORTALEZA;C;-3.79989965;-38.5774981;QUEIJO MINAS FRESCAL LIGHT VALE MILK 250G;R$ 36,98;R$ 0,00;0,00%
REDE PARCERIA;SUPERMERCADO VAREJAO;SUBREDE;2355;SUPERMERCADO VAREJAO - MANOEL SATIRO;VILA MANOEL SATIRO;FORTALEZA;C;-3.79989965;-38.5774981;QUEIJO MINAS FRESCAL TRAD VALE MILK 250G;R$ 39,77;R$ 0,00;0,00%
REDE PARCERIA;SUPERMERCADO VAREJAO;SUBREDE;2355;SUPERMERCADO VAREJAO - MANOEL SATIRO;VILA MANOEL SATIRO;FORTALEZA;C;-3.79989965;-38.5774981;QUEIJO MINAS FRESCAL ZERO VALE MILK 250G;R$ 39,15;R$ 0,00;0,00%
REDE PARCERIA;SUPERMERCADO VAREJAO;SUBREDE;2355;SUPERMERCADO VAREJAO - MANOEL SATIRO;VILA MANOEL SATIRO;FORTALEZA;C;-3.79989965;-38.5774981;RICOTA VALE MILK 200G;R$ 28,42;R$ 0,00;0,00%
REDE PARCERIA;SUPERMERCADO VAREJAO;SUBREDE;2362;SUPERMERCADO VAREJAO - OSORIO DE PAIVA;CANINDEZINHO;FORTALEZA;C;-3.8057528;-38.60253941;QUEIJO MINAS FRESCAL LIGHT VALE MILK 250G;R$ 39,56;R$ 25,80;65,22%
REDE PARCERIA;SUPERMERCADO VAREJAO;SUBREDE;2362;SUPERMERCADO VAREJAO - OSORIO DE PAIVA;CANINDEZINHO;FORTALEZA;C;-3.8057528;-38.60253941;QUEIJO MINAS FRESCAL TRAD VALE MILK 250G;R$ 40,18;R$ 32,80;81,63%
REDE PARCERIA;SUPERMERCADO VAREJAO;SUBREDE;2362;SUPERMERCADO VAREJAO - OSORIO DE PAIVA;CANINDEZINHO;FORTALEZA;C;-3.8057528;-38.60253941;QUEIJO MINAS FRESCAL ZERO VALE MILK 250G;R$ 43,65;R$ 36,00;82,47%
REDE PARCERIA;SUPERMERCADO VAREJAO;SUBREDE;2362;SUPERMERCADO VAREJAO - OSORIO DE PAIVA;CANINDEZINHO;FORTALEZA;C;-3.8057528;-38.60253941;RICOTA VALE MILK 200G;R$ 28,13;R$ 0,00;0,00%
REDE POUPE MAX;SUPER DIKA;SUBREDE;2365;SUPERMERCADO SUPER DIKA;CIGANA;CAUCAIA;C;-3.741646;-38.659527;QUEIJO MINAS FRESCAL LIGHT VALE MILK 250G;R$ 84,28;R$ 0,00;0,00%
REDE PARCERIA;RMC/MFC;SUBREDE;2368;SUPERMERCADO MFC LTDA;ARATURI;CAUCAIA;C;-3.7658197;-38.6401005;QUEIJO MINAS FRESCAL LIGHT VALE MILK 250G;R$ 208,55;R$ 0,00;0,00%
REDE PARCERIA;RMC/MFC;SUBREDE;2368;SUPERMERCADO MFC LTDA;ARATURI;CAUCAIA;C;-3.7658197;-38.6401005;QUEIJO MINAS FRESCAL TRAD VALE MILK 250G;R$ 194,34;R$ 0,00;0,00%
REDE PARCERIA;RMC/MFC;SUBREDE;2368;SUPERMERCADO MFC LTDA;ARATURI;CAUCAIA;C;-3.7658197;-38.6401005;QUEIJO MINAS FRESCAL ZERO VALE MILK 250G;R$ 128,70;R$ 0,00;0,00%
REDE PARCERIA;RMC/MFC;SUBREDE;2368;SUPERMERCADO MFC LTDA;ARATURI;CAUCAIA;C;-3.7658197;-38.6401005;RICOTA VALE MILK 200G;R$ 138,04;R$ 0,00;0,00%
-;-;VAREJO;2491;SANTA LUCIA;NOVA METROPOLE;CAUCAIA;C;-3.767536;-38.654106;QUEIJO MINAS FRESCAL TRAD VALE MILK 250G;R$ 568,67;R$ 0,00;0,00%
REDE UNIFORCA;BARATAO;SUBREDE;2726;BARATAO - SIQUEIRA;SIQUEIRA;FORTALEZA;B;-3.8143736;-38.6120921;QUEIJO MINAS FRESCAL LIGHT VALE MILK 250G;R$ 85,57;R$ 17,20;20,10%
REDE UNIFORCA;BARATAO;SUBREDE;2726;BARATAO - SIQUEIRA;SIQUEIRA;FORTALEZA;B;-3.8143736;-38.6120921;QUEIJO MINAS FRESCAL ZERO VALE MILK 250G;R$ 122,85;R$ 0,00;0,00%
REDE UNIFORCA;BARATAO;SUBREDE;2726;BARATAO - SIQUEIRA;SIQUEIRA;FORTALEZA;B;-3.8143736;-38.6120921;RICOTA VALE MILK 200G;R$ 56,26;R$ 5,80;10,31%
REDE UNIFORCA;BARATAO;SUBREDE;2734;BARATAO - CONJ ESPERANÇA;CONJUNTO ESPERANCA;FORTALEZA;C;-3.817788;-38.589921;QUEIJO MINAS FRESCAL LIGHT VALE MILK 250G;R$ 422,26;R$ 8,08;1,91%
REDE UNIFORCA;BARATAO;SUBREDE;2734;BARATAO - CONJ ESPERANÇA;CONJUNTO ESPERANCA;FORTALEZA;C;-3.817788;-38.589921;QUEIJO MINAS FRESCAL ZERO VALE MILK 250G;R$ 313,20;R$ 0,00;0,00%
REDE UNIFORCA;BARATAO;SUBREDE;2734;BARATAO - CONJ ESPERANÇA;CONJUNTO ESPERANCA;FORTALEZA;C;-3.817788;-38.589921;RICOTA VALE MILK 200G;R$ 138,91;R$ 0,00;0,00%
REDE PARCERIA;SUPER PORTUGAL;SUBREDE;2807;SUPER PORTUGAL - SERRINHA;SERRINHA;FORTALEZA;C;-3.7872948;-38.5439698;QUEIJO MINAS FRESCAL LIGHT VALE MILK 250G;R$ 196,08;R$ 0,00;0,00%
REDE PARCERIA;SUPER PORTUGAL;SUBREDE;2807;SUPER PORTUGAL - SERRINHA;SERRINHA;FORTALEZA;C;-3.7872948;-38.5439698;QUEIJO MINAS FRESCAL TRAD VALE MILK 250G;R$ 74,21;R$ 0,00;0,00%
REDE PARCERIA;SUPER PORTUGAL;SUBREDE;2807;SUPER PORTUGAL - SERRINHA;SERRINHA;FORTALEZA;C;-3.7872948;-38.5439698;QUEIJO MINAS FRESCAL ZERO VALE MILK 250G;R$ 170,55;R$ 0,00;0,00%
REDE PARCERIA;SUPER PORTUGAL;SUBREDE;2807;SUPER PORTUGAL - SERRINHA;SERRINHA;FORTALEZA;C;-3.7872948;-38.5439698;RICOTA VALE MILK 200G;R$ 110,49;R$ 0,00;0,00%
FRANGOLANDIA;-;REDE;2909;FRANGOLANDIA - CD;DISTRITO INDUSTRIAL I;MARACANAU;C;-3.8546626;-38.6021541;QUEIJO MINAS FRESCAL LIGHT VALE MILK 250G;R$ 885,71;R$ 0,00;0,00%
FRANGOLANDIA;-;REDE;2909;FRANGOLANDIA - CD;DISTRITO INDUSTRIAL I;MARACANAU;C;-3.8546626;-38.6021541;QUEIJO MINAS FRESCAL TRAD VALE MILK 250G;R$ 850,26;R$ 0,00;0,00%
FRANGOLANDIA;-;REDE;2909;FRANGOLANDIA - CD;DISTRITO INDUSTRIAL I;MARACANAU;C;-3.8546626;-38.6021541;QUEIJO MINAS FRESCAL ZERO VALE MILK 250G;R$ 930,51;R$ 0,00;0,00%
FRANGOLANDIA;-;REDE;2909;FRANGOLANDIA - CD;DISTRITO INDUSTRIAL I;MARACANAU;C;-3.8546626;-38.6021541;RICOTA VALE MILK 200G;R$ 8.394,84;R$ 0,00;0,00%
REDE UNIFORCA;BARATAO;SUBREDE;2990;BARATAO - ALVARO WEYNE;ALVARO WEYNE;FORTALEZA;C;-3.7086442;-38.563186;QUEIJO MINAS FRESCAL LIGHT VALE MILK 250G;R$ 170,71;R$ 0,00;0,00%
REDE UNIFORCA;BARATAO;SUBREDE;2990;BARATAO - ALVARO WEYNE;ALVARO WEYNE;FORTALEZA;C;-3.7086442;-38.563186;QUEIJO MINAS FRESCAL ZERO VALE MILK 250G;R$ 220,50;R$ 22,50;10,20%
REDE UNIFORCA;BARATAO;SUBREDE;2990;BARATAO - ALVARO WEYNE;ALVARO WEYNE;FORTALEZA;C;-3.7086442;-38.563186;RICOTA VALE MILK 200G;R$ 82,07;R$ 5,39;6,57%
SUPER DO POVO;-;REDE;3059;SUPER DO POVO - CD;PASSARE;FORTALEZA;C;-3.7929966;-38.5335303;RICOTA VALE MILK 200G;R$ 3.017,56;R$ 0,00;0,00%
REDE INTEGRADA;IRMAOS GEMEOS;SUBREDE;3078;SUPERMERCADO IRMAO GEMEOS - LJ 01;PASSARE;FORTALEZA;C;-3.8169208;-38.5316105;RICOTA VALE MILK 200G;R$ 153,12;R$ 0,00;0,00%
CENTERBOX;-;REDE;3166;CENTERBOX - BERNARDO MANUEL;DENDE;FORTALEZA;C;-3.8071766;-38.555096;QUEIJO MINAS FRESCAL TRAD VALE MILK 250G;R$ 462,13;R$ 0,00;0,00%
CENTERBOX;-;REDE;3166;CENTERBOX - BERNARDO MANUEL;DENDE;FORTALEZA;C;-3.8071766;-38.555096;QUEIJO MINAS FRESCAL ZERO VALE MILK 250G;R$ 88,90;R$ 0,00;0,00%
CENTERBOX;-;REDE;3166;CENTERBOX - BERNARDO MANUEL;DENDE;FORTALEZA;C;-3.8071766;-38.555096;RICOTA VALE MILK 200G;R$ 186,52;R$ 0,00;0,00%
CENTERBOX;-;REDE;3486;CENTERBOX - MESSEJANA - LJ 02;BARROSO;FORTALEZA;B;-3.830081;-38.509759;QUEIJO MINAS FRESCAL TRAD VALE MILK 250G;R$ 182,54;R$ 43,24;23,69%
CENTERBOX;-;REDE;3486;CENTERBOX - MESSEJANA - LJ 02;BARROSO;FORTALEZA;B;-3.830081;-38.509759;RICOTA VALE MILK 200G;R$ 139,20;R$ 0,00;0,00%
GPA;-;REDE;3508;PAO DE ACUCAR - AGUANAMBI (1398);FATIMA;FORTALEZA;B;-3.748629;-38.5229264;QUEIJO MINAS FRESCAL ZERO VALE MILK 250G;R$ 736,74;R$ 0,00;0,00%
GPA;-;REDE;3533;PAO DE ACUCAR - IGUATEMI (1339);EDSON QUEIROZ;FORTALEZA;A;-3.75451369;-38.48921518;QUEIJO MINAS FRESCAL ZERO VALE MILK 250G;R$ 449,09;R$ 0,00;0,00%
REDE UNIFORCA;SANTA EDWIRGENS;SUBREDE;3584;SANTA EDWIGES - JD GUANABARA - LJ 02;JARDIM GUANABARA;FORTALEZA;C;-3.726481;-38.5888279;QUEIJO MINAS FRESCAL LIGHT VALE MILK 250G;R$ 260,20;R$ 180,16;69,24%
REDE UNIFORCA;SANTA EDWIRGENS;SUBREDE;3584;SANTA EDWIGES - JD GUANABARA - LJ 02;JARDIM GUANABARA;FORTALEZA;C;-3.726481;-38.5888279;QUEIJO MINAS FRESCAL TRAD VALE MILK 250G;R$ 258,34;R$ 132,89;51,44%
REDE UNIFORCA;SANTA EDWIRGENS;SUBREDE;3584;SANTA EDWIGES - JD GUANABARA - LJ 02;JARDIM GUANABARA;FORTALEZA;C;-3.726481;-38.5888279;QUEIJO MINAS FRESCAL ZERO VALE MILK 250G;R$ 241,70;R$ 17,91;7,41%
REDE UNIFORCA;SANTA EDWIRGENS;SUBREDE;3584;SANTA EDWIGES - JD GUANABARA - LJ 02;JARDIM GUANABARA;FORTALEZA;C;-3.726481;-38.5888279;RICOTA VALE MILK 200G;R$ 123,87;R$ 37,38;30,18%
REDE PARCERIA;RMC/MFC;SUBREDE;3715;MERCANTIL SUPER RMC;CONJUNTO CEARA;FORTALEZA;C;-3.7667473;-38.6108829;QUEIJO MINAS FRESCAL LIGHT VALE MILK 250G;R$ 168,13;R$ 0,00;0,00%
REDE PARCERIA;RMC/MFC;SUBREDE;3715;MERCANTIL SUPER RMC;CONJUNTO CEARA;FORTALEZA;C;-3.7667473;-38.6108829;QUEIJO MINAS FRESCAL TRAD VALE MILK 250G;R$ 159,08;R$ 0,00;0,00%
REDE PARCERIA;RMC/MFC;SUBREDE;3715;MERCANTIL SUPER RMC;CONJUNTO CEARA;FORTALEZA;C;-3.7667473;-38.6108829;QUEIJO MINAS FRESCAL ZERO VALE MILK 250G;R$ 207,45;R$ 0,00;0,00%
REDE PARCERIA;RMC/MFC;SUBREDE;3715;MERCANTIL SUPER RMC;CONJUNTO CEARA;FORTALEZA;C;-3.7667473;-38.6108829;RICOTA VALE MILK 200G;R$ 110,49;R$ 0,00;0,00%
-;KALBIR;SUBREDE;3765;KALBIR ATACAREJO - LJ 02;PAJUCARA;MARACANAU;C;-3.8548937;-38.5789869;QUEIJO MINAS FRESCAL LIGHT VALE MILK 250G;R$ 166,83;R$ 90,52;54,26%
-;KALBIR;SUBREDE;3765;KALBIR ATACAREJO - LJ 02;PAJUCARA;MARACANAU;C;-3.8548937;-38.5789869;QUEIJO MINAS FRESCAL ZERO VALE MILK 250G;R$ 0,00;R$ 94,74;100,00%
-;SUPER MOBYDICK;SUBREDE;3771;SUPER MOBYDICK;ICARAI;CAUCAIA;C;-3.6736142;-38.6696458;QUEIJO MINAS FRESCAL LIGHT VALE MILK 250G;R$ 82,99;R$ 0,00;0,00%
-;SUPER MOBYDICK;SUBREDE;3771;SUPER MOBYDICK;ICARAI;CAUCAIA;C;-3.6736142;-38.6696458;QUEIJO MINAS FRESCAL TRAD VALE MILK 250G;R$ 70,93;R$ 0,00;0,00%
-;SUPER MOBYDICK;SUBREDE;3771;SUPER MOBYDICK;ICARAI;CAUCAIA;C;-3.6736142;-38.6696458;QUEIJO MINAS FRESCAL ZERO VALE MILK 250G;R$ 41,85;R$ 0,00;0,00%
-;SUPER MOBYDICK;SUBREDE;3771;SUPER MOBYDICK;ICARAI;CAUCAIA;C;-3.6736142;-38.6696458;RICOTA VALE MILK 200G;R$ 55,39;R$ 0,00;0,00%
GPA;-;REDE;3944;PAO DE ACUCAR - JULIO VENTURA (1252);ALDEOTA;FORTALEZA;A;-3.7399659;-38.5075747;QUEIJO MINAS FRESCAL ZERO VALE MILK 250G;R$ 741,37;R$ 0,00;0,00%
-;LAREDO;SUBREDE;3968;LAREDO - CENTRO;CENTRO;FORTALEZA;B;-3.7309369;-38.5376384;RICOTA VALE MILK 200G;R$ 82,65;R$ 0,00;0,00%
GPA;-;REDE;4009;PAO DE ACUCAR - CENTER UM (1209);ALDEOTA;FORTALEZA;A;-3.7373679;-38.4974441;QUEIJO MINAS FRESCAL ZERO VALE MILK 250G;R$ 740,95;R$ 0,00;0,00%
-;LAREDO;SUBREDE;4028;LAREDO - MESSEJANA;MESSEJANA;FORTALEZA;B;-3.8298139;-38.4907932;RICOTA VALE MILK 200G;R$ 140,65;R$ 0,00;0,00%
COMETA;-;REDE;4029;COMETA (TIBURCIO CAVALCANTE);ALDEOTA;FORTALEZA;A;-3.7411822;-38.5041525;QUEIJO MINAS FRESCAL LIGHT VALE MILK 250G;R$ 194,22;R$ 0,00;0,00%
COMETA;-;REDE;4029;COMETA (TIBURCIO CAVALCANTE);ALDEOTA;FORTALEZA;A;-3.7411822;-38.5041525;QUEIJO MINAS FRESCAL TRAD VALE MILK 250G;R$ 118,27;R$ 26,08;22,05%
COMETA;-;REDE;4029;COMETA (TIBURCIO CAVALCANTE);ALDEOTA;FORTALEZA;A;-3.7411822;-38.5041525;QUEIJO MINAS FRESCAL ZERO VALE MILK 250G;R$ 206,55;R$ 39,24;19,00%
COMETA;-;REDE;4029;COMETA (TIBURCIO CAVALCANTE);ALDEOTA;FORTALEZA;A;-3.7411822;-38.5041525;RICOTA VALE MILK 200G;R$ 93,25;R$ 27,50;29,49%
-;OFERTASSO;SUBREDE;4057;OFERTASSO - JOSE WALTER;PREFEITO JOSE WALTER;FORTALEZA;C;-3.83330121;-38.55298266;RICOTA VALE MILK 200G;R$ 27,84;R$ 0,00;0,00%
REDE PARCERIA;COMPRE MAX;SUBREDE;4089;COMPREMAX - METROPOLE;ARIANOPOLIS;CAUCAIA;C;-3.7666193;-38.6538536;QUEIJO MINAS FRESCAL LIGHT VALE MILK 250G;R$ 40,66;R$ 32,34;79,55%
REDE PARCERIA;COMPRE MAX;SUBREDE;4089;COMPREMAX - METROPOLE;ARIANOPOLIS;CAUCAIA;C;-3.7666193;-38.6538536;QUEIJO MINAS FRESCAL TRAD VALE MILK 250G;R$ 141,94;R$ 88,09;62,06%
REDE PARCERIA;COMPRE MAX;SUBREDE;4089;COMPREMAX - METROPOLE;ARIANOPOLIS;CAUCAIA;C;-3.7666193;-38.6538536;QUEIJO MINAS FRESCAL ZERO VALE MILK 250G;R$ 89,46;R$ 28,26;31,59%
REDE PARCERIA;COMPRE MAX;SUBREDE;4089;COMPREMAX - METROPOLE;ARIANOPOLIS;CAUCAIA;C;-3.7666193;-38.6538536;RICOTA VALE MILK 200G;R$ 126,77;R$ 88,96;70,18%
GPA;-;REDE;4111;PAO DE ACUCAR - FATIMA (0255);FATIMA;FORTALEZA;B;-3.746476;-38.5313805;QUEIJO MINAS FRESCAL ZERO VALE MILK 250G;R$ 732,54;R$ 0,00;0,00%
GPA;-;REDE;4141;PAO DE ACUCAR - NAUTICO (1004);MEIRELES;FORTALEZA;A;-3.7274751;-38.4937798;QUEIJO MINAS FRESCAL ZERO VALE MILK 250G;R$ 732,96;R$ 0,00;0,00%
GPA;-;REDE;4197;PAO DE ACUCAR - SANTOS DUMONT (1220);ALDEOTA;FORTALEZA;A;-3.7306636;-38.5131575;QUEIJO MINAS FRESCAL ZERO VALE MILK 250G;R$ 469,68;R$ 0,00;0,00%
CENTERBOX;-;REDE;4202;CENTERBOX - JD IRACEMA;FLORESTA;FORTALEZA;C;-3.71767679;-38.57899347;QUEIJO MINAS FRESCAL LIGHT VALE MILK 250G;R$ 59,80;R$ 0,00;0,00%
CENTERBOX;-;REDE;4202;CENTERBOX - JD IRACEMA;FLORESTA;FORTALEZA;C;-3.71767679;-38.57899347;QUEIJO MINAS FRESCAL TRAD VALE MILK 250G;R$ 233,32;R$ 0,00;0,00%
CENTERBOX;-;REDE;4202;CENTERBOX - JD IRACEMA;FLORESTA;FORTALEZA;C;-3.71767679;-38.57899347;QUEIJO MINAS FRESCAL ZERO VALE MILK 250G;R$ 40,40;R$ 0,00;0,00%
CENTERBOX;-;REDE;4202;CENTERBOX - JD IRACEMA;FLORESTA;FORTALEZA;C;-3.71767679;-38.57899347;RICOTA VALE MILK 200G;R$ 162,57;R$ 0,00;0,00%
GPA;-;REDE;4221;PAO DE ACUCAR - BEZERRA DE MENEZES (2375);SAO GERARDO;FORTALEZA;B;-3.7335995;-38.5586262;QUEIJO MINAS FRESCAL ZERO VALE MILK 250G;R$ 492,70;R$ 0,00;0,00%
REDE PARCERIA;ANALI;SUBREDE;4227;ANALI - PANAMERICANO;DEMOCRITO ROCHA;FORTALEZA;C;-3.755808;-38.5661829;QUEIJO MINAS FRESCAL TRAD VALE MILK 250G;R$ 116,00;R$ 9,60;8,28%
REDE PARCERIA;ANALI;SUBREDE;4227;ANALI - PANAMERICANO;DEMOCRITO ROCHA;FORTALEZA;C;-3.755808;-38.5661829;RICOTA VALE MILK 200G;R$ 27,55;R$ 0,00;0,00%
GPA;-;REDE;4284;PAO DE ACUCAR - LUCIANO CAVALCANTE (2374);LUCIANO CAVALCANTE;FORTALEZA;A;-3.772043;-38.4828363;QUEIJO MINAS FRESCAL ZERO VALE MILK 250G;R$ 246,14;R$ 0,00;0,00%
CENTERBOX;-;REDE;4293;CENTERBOX - CAUCAIA;CENTRO;CAUCAIA;C;-3.7347353;-38.6595839;QUEIJO MINAS FRESCAL LIGHT VALE MILK 250G;R$ 82,54;R$ 0,00;0,00%
CENTERBOX;-;REDE;4293;CENTERBOX - CAUCAIA;CENTRO;CAUCAIA;C;-3.7347353;-38.6595839;QUEIJO MINAS FRESCAL TRAD VALE MILK 250G;R$ 309,04;R$ 0,00;0,00%
CENTERBOX;-;REDE;4293;CENTERBOX - CAUCAIA;CENTRO;CAUCAIA;C;-3.7347353;-38.6595839;QUEIJO MINAS FRESCAL ZERO VALE MILK 250G;R$ 88,90;R$ 0,00;0,00%
CENTERBOX;-;REDE;4293;CENTERBOX - CAUCAIA;CENTRO;CAUCAIA;C;-3.7347353;-38.6595839;RICOTA VALE MILK 200G;R$ 218,02;R$ 21,19;9,72%
REDE PARCERIA;COMPRE MAX;SUBREDE;4381;COMPREMAX - OFERTAO MAX;CENTRO;CAUCAIA;C;-3.72905976;-38.65588134;QUEIJO MINAS FRESCAL LIGHT VALE MILK 250G;R$ 118,19;R$ 0,00;0,00%
REDE PARCERIA;COMPRE MAX;SUBREDE;4381;COMPREMAX - OFERTAO MAX;CENTRO;CAUCAIA;C;-3.72905976;-38.65588134;QUEIJO MINAS FRESCAL TRAD VALE MILK 250G;R$ 190,32;R$ 38,95;20,47%
REDE PARCERIA;COMPRE MAX;SUBREDE;4381;COMPREMAX - OFERTAO MAX;CENTRO;CAUCAIA;C;-3.72905976;-38.65588134;QUEIJO MINAS FRESCAL ZERO VALE MILK 250G;R$ 121,32;R$ 29,25;24,11%
REDE PARCERIA;COMPRE MAX;SUBREDE;4381;COMPREMAX - OFERTAO MAX;CENTRO;CAUCAIA;C;-3.72905976;-38.65588134;RICOTA VALE MILK 200G;R$ 177,53;R$ 0,00;0,00%
COMETA;-;REDE;4393;COMETA (PE ANTONIO TOMAS);ALDEOTA;FORTALEZA;A;-3.7411919;-38.4958533;QUEIJO MINAS FRESCAL LIGHT VALE MILK 250G;R$ 119,63;R$ 33,43;27,94%
COMETA;-;REDE;4393;COMETA (PE ANTONIO TOMAS);ALDEOTA;FORTALEZA;A;-3.7411919;-38.4958533;QUEIJO MINAS FRESCAL TRAD VALE MILK 250G;R$ 77,75;R$ 81,44;104,74%
COMETA;-;REDE;4393;COMETA (PE ANTONIO TOMAS);ALDEOTA;FORTALEZA;A;-3.7411919;-38.4958533;QUEIJO MINAS FRESCAL ZERO VALE MILK 250G;R$ 80,82;R$ 9,72;12,03%
COMETA;-;REDE;4393;COMETA (PE ANTONIO TOMAS);ALDEOTA;FORTALEZA;A;-3.7411919;-38.4958533;RICOTA VALE MILK 200G;R$ 46,00;R$ 2,50;5,43%
CENTERBOX;-;REDE;4458;CENTERBOX - BARRA;BARRA DO CEARA;FORTALEZA;C;-3.7100856;-38.5897058;QUEIJO MINAS FRESCAL LIGHT VALE MILK 250G;R$ 179,64;R$ 9,13;5,08%
CENTERBOX;-;REDE;4458;CENTERBOX - BARRA;BARRA DO CEARA;FORTALEZA;C;-3.7100856;-38.5897058;QUEIJO MINAS FRESCAL TRAD VALE MILK 250G;R$ 340,14;R$ 0,00;0,00%
CENTERBOX;-;REDE;4458;CENTERBOX - BARRA;BARRA DO CEARA;FORTALEZA;C;-3.7100856;-38.5897058;QUEIJO MINAS FRESCAL ZERO VALE MILK 250G;R$ 153,06;R$ 19,98;13,05%
CENTERBOX;-;REDE;4458;CENTERBOX - BARRA;BARRA DO CEARA;FORTALEZA;C;-3.7100856;-38.5897058;RICOTA VALE MILK 200G;R$ 191,45;R$ 33,90;17,71%
COMETA;-;REDE;4522;COMETA (ENGENHEIRO SANTANA JR);PAPICU;FORTALEZA;B;-3.7354447;-38.4816158;QUEIJO MINAS FRESCAL LIGHT VALE MILK 250G;R$ 39,88;R$ 0,00;0,00%
COMETA;-;REDE;4522;COMETA (ENGENHEIRO SANTANA JR);PAPICU;FORTALEZA;B;-3.7354447;-38.4816158;QUEIJO MINAS FRESCAL TRAD VALE MILK 250G;R$ 35,60;R$ 0,00;0,00%
COMETA;-;REDE;4522;COMETA (ENGENHEIRO SANTANA JR);PAPICU;FORTALEZA;B;-3.7354447;-38.4816158;QUEIJO MINAS FRESCAL ZERO VALE MILK 250G;R$ 39,51;R$ 0,00;0,00%
COMETA;-;REDE;4522;COMETA (ENGENHEIRO SANTANA JR);PAPICU;FORTALEZA;B;-3.7354447;-38.4816158;RICOTA VALE MILK 200G;R$ 47,50;R$ 0,00;0,00%
REDE EXATA;-;VAREJO;4674;MARQUES SUPERMERCADO;MONTESE;FORTALEZA;B;-3.7634294;-38.5520525;RICOTA VALE MILK 200G;R$ 26,17;R$ 0,00;0,00%
-;OFERTASSO;SUBREDE;4786;OFERTASSO - VILA UNIAO;PARREAO;FORTALEZA;B;-3.7605617;-38.5306641;RICOTA VALE MILK 200G;R$ 27,84;R$ 0,00;0,00%
COMETA;-;REDE;4803;COMETA (JOVITA FEITOSA);PARQUELANDIA;FORTALEZA;B;-3.7403104;-38.5603054;QUEIJO MINAS FRESCAL LIGHT VALE MILK 250G;R$ 277,93;R$ 9,20;3,31%
COMETA;-;REDE;4803;COMETA (JOVITA FEITOSA);PARQUELANDIA;FORTALEZA;B;-3.7403104;-38.5603054;QUEIJO MINAS FRESCAL TRAD VALE MILK 250G;R$ 194,95;R$ 0,00;0,00%
COMETA;-;REDE;4803;COMETA (JOVITA FEITOSA);PARQUELANDIA;FORTALEZA;B;-3.7403104;-38.5603054;QUEIJO MINAS FRESCAL ZERO VALE MILK 250G;R$ 245,70;R$ 0,00;0,00%
COMETA;-;REDE;4803;COMETA (JOVITA FEITOSA);PARQUELANDIA;FORTALEZA;B;-3.7403104;-38.5603054;RICOTA VALE MILK 200G;R$ 163,75;R$ 4,45;2,72%
REDE UNIFORCA;R CENTER;SUBREDE;5192;R CENTER - PAUPINA;PAUPINA;FORTALEZA;B;-3.83829143;-38.48757653;QUEIJO MINAS FRESCAL TRAD VALE MILK 250G;R$ 367,36;R$ 0,00;0,00%
REDE UNIFORCA;R CENTER;SUBREDE;5192;R CENTER - PAUPINA;PAUPINA;FORTALEZA;B;-3.83829143;-38.48757653;RICOTA VALE MILK 200G;R$ 260,13;R$ 0,00;0,00%
REDE UNIFORCA;PARA TY;SUBREDE;9295;PARA TY - ICARAI;ICARAI;CAUCAIA;C;-3.67554656;-38.66738313;QUEIJO MINAS FRESCAL LIGHT VALE MILK 250G;R$ 98,05;R$ 43,89;44,76%
REDE UNIFORCA;PARA TY;SUBREDE;9295;PARA TY - ICARAI;ICARAI;CAUCAIA;C;-3.67554656;-38.66738313;QUEIJO MINAS FRESCAL TRAD VALE MILK 250G;R$ 149,47;R$ 48,38;32,37%
REDE UNIFORCA;PARA TY;SUBREDE;9295;PARA TY - ICARAI;ICARAI;CAUCAIA;C;-3.67554656;-38.66738313;QUEIJO MINAS FRESCAL ZERO VALE MILK 250G;R$ 54,24;R$ 76,14;140,37%
REDE POUPE MAX;SUPER CUMBUCO;SUBREDE;9296;SUPER CUMBUCO - CAUCAIA - LJ 02;TABUBA;CAUCAIA;C;-3.64063684;-38.70421562;QUEIJO MINAS FRESCAL LIGHT VALE MILK 250G;R$ 42,57;R$ 16,94;39,79%
REDE POUPE MAX;SUPER CUMBUCO;SUBREDE;9296;SUPER CUMBUCO - CAUCAIA - LJ 02;TABUBA;CAUCAIA;C;-3.64063684;-38.70421562;QUEIJO MINAS FRESCAL TRAD VALE MILK 250G;R$ 82,00;R$ 0,00;0,00%
REDE POUPE MAX;SUPER CUMBUCO;SUBREDE;9296;SUPER CUMBUCO - CAUCAIA - LJ 02;TABUBA;CAUCAIA;C;-3.64063684;-38.70421562;QUEIJO MINAS FRESCAL ZERO VALE MILK 250G;R$ 170,54;R$ 114,31;67,03%
REDE POUPE MAX;SUPER CUMBUCO;SUBREDE;9296;SUPER CUMBUCO - CAUCAIA - LJ 02;TABUBA;CAUCAIA;C;-3.64063684;-38.70421562;RICOTA VALE MILK 200G;R$ 42,92;R$ 0,00;0,00%
REDE PARCERIA;ANALI;SUBREDE;9316;ANALI - JOQUEI CLUBE;JOQUEI CLUBE;FORTALEZA;C;-3.7606383;-38.5744964;QUEIJO MINAS FRESCAL TRAD VALE MILK 250G;R$ 237,60;R$ 0,00;0,00%
REDE PARCERIA;ANALI;SUBREDE;9316;ANALI - JOQUEI CLUBE;JOQUEI CLUBE;FORTALEZA;C;-3.7606383;-38.5744964;RICOTA VALE MILK 200G;R$ 174,00;R$ 0,00;0,00%
MAX REDE;SUPER SAO FRANCISCO;SUBREDE;9318;SAO FRANCISCO - FILIAL LJ 03;GRANJA LISBOA;FORTALEZA;C;-3.7881221;-38.6107546;RICOTA VALE MILK 200G;R$ 0,00;R$ 10,33;100,00%
REDE PARCERIA;SUPER PORTUGAL;SUBREDE;9319;SUPER PORTUGAL - VITAL BRASIL;GRANJA PORTUGAL;FORTALEZA;C;-3.777836;-38.597821;QUEIJO MINAS FRESCAL LIGHT VALE MILK 250G;R$ 36,55;R$ 28,47;77,89%
REDE PARCERIA;SUPER PORTUGAL;SUBREDE;9319;SUPER PORTUGAL - VITAL BRASIL;GRANJA PORTUGAL;FORTALEZA;C;-3.777836;-38.597821;QUEIJO MINAS FRESCAL TRAD VALE MILK 250G;R$ 36,90;R$ 17,63;47,78%
REDE PARCERIA;SUPER PORTUGAL;SUBREDE;9319;SUPER PORTUGAL - VITAL BRASIL;GRANJA PORTUGAL;FORTALEZA;C;-3.777836;-38.597821;QUEIJO MINAS FRESCAL ZERO VALE MILK 250G;R$ 87,30;R$ 0,00;0,00%
REDE PARCERIA;SUPER PORTUGAL;SUBREDE;9319;SUPER PORTUGAL - VITAL BRASIL;GRANJA PORTUGAL;FORTALEZA;C;-3.777836;-38.597821;RICOTA VALE MILK 200G;R$ 84,39;R$ 5,63;6,67%
REDE UNIFORCA;BARATAO;SUBREDE;9326;BARATAO - PAJUCARA;JARDIM PARAISO;MARACANAU;C;-3.86330658;-38.58178138;QUEIJO MINAS FRESCAL LIGHT VALE MILK 250G;R$ 40,85;R$ 8,08;19,78%
REDE UNIFORCA;BARATAO;SUBREDE;9326;BARATAO - PAJUCARA;JARDIM PARAISO;MARACANAU;C;-3.86330658;-38.58178138;QUEIJO MINAS FRESCAL ZERO VALE MILK 250G;R$ 0,00;R$ 54,45;100,00%
REDE PARCERIA;MAIS COMPRAS;SUBREDE;9338;SUPERMERCADO MAIS COMPRAS - LOJA 01;CONJUNTO PALMEIRAS;FORTALEZA;B;-3.8471058;-38.5219824;QUEIJO MINAS FRESCAL TRAD VALE MILK 250G;R$ 151,29;R$ 0,00;0,00%
REDE PARCERIA;MAIS COMPRAS;SUBREDE;9338;SUPERMERCADO MAIS COMPRAS - LOJA 01;CONJUNTO PALMEIRAS;FORTALEZA;B;-3.8471058;-38.5219824;RICOTA VALE MILK 200G;R$ 112,23;R$ 0,00;0,00%
COMETA;-;REDE;9339;COMETA (JACARECANGA);JACARECANGA;FORTALEZA;C;-3.72013;-38.54911;QUEIJO MINAS FRESCAL LIGHT VALE MILK 250G;R$ 242,69;R$ 0,00;0,00%
COMETA;-;REDE;9339;COMETA (JACARECANGA);JACARECANGA;FORTALEZA;C;-3.72013;-38.54911;QUEIJO MINAS FRESCAL TRAD VALE MILK 250G;R$ 230,13;R$ 0,00;0,00%
COMETA;-;REDE;9339;COMETA (JACARECANGA);JACARECANGA;FORTALEZA;C;-3.72013;-38.54911;QUEIJO MINAS FRESCAL ZERO VALE MILK 250G;R$ 123,93;R$ 0,00;0,00%
COMETA;-;REDE;9339;COMETA (JACARECANGA);JACARECANGA;FORTALEZA;C;-3.72013;-38.54911;RICOTA VALE MILK 200G;R$ 120,50;R$ 0,00;0,00%
COMETA;-;REDE;9340;COMETA (BENI CARVALHO);ALDEOTA;FORTALEZA;A;-3.745611;-38.495747;QUEIJO MINAS FRESCAL LIGHT VALE MILK 250G;R$ 39,88;R$ 0,00;0,00%
COMETA;-;REDE;9340;COMETA (BENI CARVALHO);ALDEOTA;FORTALEZA;A;-3.745611;-38.495747;QUEIJO MINAS FRESCAL TRAD VALE MILK 250G;R$ 189,20;R$ 0,00;0,00%
COMETA;-;REDE;9340;COMETA (BENI CARVALHO);ALDEOTA;FORTALEZA;A;-3.745611;-38.495747;QUEIJO MINAS FRESCAL ZERO VALE MILK 250G;R$ 205,29;R$ 29,07;14,16%
COMETA;-;REDE;9340;COMETA (BENI CARVALHO);ALDEOTA;FORTALEZA;A;-3.745611;-38.495747;RICOTA VALE MILK 200G;R$ 92,88;R$ 9,60;10,34%
COMETA;-;REDE;9341;COMETA (FATIMA);FATIMA;FORTALEZA;B;-3.7532492;-38.5276962;QUEIJO MINAS FRESCAL LIGHT VALE MILK 250G;R$ 272,34;R$ 9,80;3,60%
COMETA;-;REDE;9341;COMETA (FATIMA);FATIMA;FORTALEZA;B;-3.7532492;-38.5276962;QUEIJO MINAS FRESCAL TRAD VALE MILK 250G;R$ 190,03;R$ 0,00;0,00%
COMETA;-;REDE;9341;COMETA (FATIMA);FATIMA;FORTALEZA;B;-3.7532492;-38.5276962;QUEIJO MINAS FRESCAL ZERO VALE MILK 250G;R$ 82,17;R$ 0,00;0,00%
COMETA;-;REDE;9341;COMETA (FATIMA);FATIMA;FORTALEZA;B;-3.7532492;-38.5276962;RICOTA VALE MILK 200G;R$ 24,13;R$ 0,00;0,00%
COMETA;-;REDE;9345;COMETA (MARAPONGA);MARAPONGA;FORTALEZA;C;-3.79182527;-38.5671401;QUEIJO MINAS FRESCAL LIGHT VALE MILK 250G;R$ 83,19;R$ 0,00;0,00%
COMETA;-;REDE;9345;COMETA (MARAPONGA);MARAPONGA;FORTALEZA;C;-3.79182527;-38.5671401;QUEIJO MINAS FRESCAL TRAD VALE MILK 250G;R$ 187,15;R$ 0,00;0,00%
COMETA;-;REDE;9345;COMETA (MARAPONGA);MARAPONGA;FORTALEZA;C;-3.79182527;-38.5671401;QUEIJO MINAS FRESCAL ZERO VALE MILK 250G;R$ 157,68;R$ 0,00;0,00%
COMETA;-;REDE;9345;COMETA (MARAPONGA);MARAPONGA;FORTALEZA;C;-3.79182527;-38.5671401;RICOTA VALE MILK 200G;R$ 46,50;R$ 0,00;0,00%
COMETA;-;REDE;9346;COMETA (ED BR SOARES);SAPIRANGA;FORTALEZA;B;-3.7888981;-38.4759777;QUEIJO MINAS FRESCAL LIGHT VALE MILK 250G;R$ 114,47;R$ 0,00;0,00%
COMETA;-;REDE;9346;COMETA (ED BR SOARES);SAPIRANGA;FORTALEZA;B;-3.7888981;-38.4759777;QUEIJO MINAS FRESCAL TRAD VALE MILK 250G;R$ 76,11;R$ 8,45;11,10%
COMETA;-;REDE;9346;COMETA (ED BR SOARES);SAPIRANGA;FORTALEZA;B;-3.7888981;-38.4759777;QUEIJO MINAS FRESCAL ZERO VALE MILK 250G;R$ 116,82;R$ 9,36;8,01%
COMETA;-;REDE;9346;COMETA (ED BR SOARES);SAPIRANGA;FORTALEZA;B;-3.7888981;-38.4759777;RICOTA VALE MILK 200G;R$ 95,13;R$ 0,00;0,00%
COMETA;-;REDE;9347;COMETA (EUSEBIO);COITE;EUSEBIO;A;-3.8795207;-38.4613795;QUEIJO MINAS FRESCAL LIGHT VALE MILK 250G;R$ 78,12;R$ 0,00;0,00%
COMETA;-;REDE;9347;COMETA (EUSEBIO);COITE;EUSEBIO;A;-3.8795207;-38.4613795;QUEIJO MINAS FRESCAL TRAD VALE MILK 250G;R$ 114,17;R$ 8,04;7,04%
COMETA;-;REDE;9347;COMETA (EUSEBIO);COITE;EUSEBIO;A;-3.8795207;-38.4613795;QUEIJO MINAS FRESCAL ZERO VALE MILK 250G;R$ 204,39;R$ 0,00;0,00%
COMETA;-;REDE;9347;COMETA (EUSEBIO);COITE;EUSEBIO;A;-3.8795207;-38.4613795;RICOTA VALE MILK 200G;R$ 47,50;R$ 0,00;0,00%
CENTERBOX;-;REDE;9586;CENTERBOX - ATACAREJO;GRANJA LISBOA;FORTALEZA;C;-3.7807157;-38.6223482;RICOTA VALE MILK 200G;R$ 107,12;R$ 0,00;0,00%
COMETA;-;REDE;9602;COMETA (PASSARE);SERRINHA;FORTALEZA;C;-3.79093331;-38.53740405;QUEIJO MINAS FRESCAL LIGHT VALE MILK 250G;R$ 39,02;R$ 0,00;0,00%
COMETA;-;REDE;9602;COMETA (PASSARE);SERRINHA;FORTALEZA;C;-3.79093331;-38.53740405;QUEIJO MINAS FRESCAL TRAD VALE MILK 250G;R$ 189,21;R$ 0,90;0,48%
COMETA;-;REDE;9602;COMETA (PASSARE);SERRINHA;FORTALEZA;C;-3.79093331;-38.53740405;QUEIJO MINAS FRESCAL ZERO VALE MILK 250G;R$ 121,32;R$ 0,00;0,00%
COMETA;-;REDE;9602;COMETA (PASSARE);SERRINHA;FORTALEZA;C;-3.79093331;-38.53740405;RICOTA VALE MILK 200G;R$ 47,63;R$ 0,00;0,00%
-;-;VAREJO;9618;MERC PAULO;TABUBA;CAUCAIA;C;-3.6403587;-38.7016511;QUEIJO MINAS FRESCAL LIGHT VALE MILK 250G;R$ 38,70;R$ 0,00;0,00%
-;-;VAREJO;9618;MERC PAULO;TABUBA;CAUCAIA;C;-3.6403587;-38.7016511;QUEIJO MINAS FRESCAL TRAD VALE MILK 250G;R$ 39,36;R$ 0,00;0,00%
-;-;VAREJO;9618;MERC PAULO;TABUBA;CAUCAIA;C;-3.6403587;-38.7016511;QUEIJO MINAS FRESCAL ZERO VALE MILK 250G;R$ 44,55;R$ 0,00;0,00%
COMETA;-;REDE;9622;COMETA (JOAO PESSOA);DAMAS;FORTALEZA;B;-3.7570117;-38.5530651;QUEIJO MINAS FRESCAL LIGHT VALE MILK 250G;R$ 232,47;R$ 9,02;3,88%
COMETA;-;REDE;9622;COMETA (JOAO PESSOA);DAMAS;FORTALEZA;B;-3.7570117;-38.5530651;QUEIJO MINAS FRESCAL TRAD VALE MILK 250G;R$ 217,42;R$ 17,31;7,96%
COMETA;-;REDE;9622;COMETA (JOAO PESSOA);DAMAS;FORTALEZA;B;-3.7570117;-38.5530651;QUEIJO MINAS FRESCAL ZERO VALE MILK 250G;R$ 204,39;R$ 0,00;0,00%
COMETA;-;REDE;9622;COMETA (JOAO PESSOA);DAMAS;FORTALEZA;B;-3.7570117;-38.5530651;RICOTA VALE MILK 200G;R$ 142,13;R$ 0,00;0,00%
COMETA;-;REDE;9631;COMETA (PRESIDENTE KENNEDY);PRESIDENTE KENNEDY;FORTALEZA;B;-3.7302312;-38.568373;QUEIJO MINAS FRESCAL LIGHT VALE MILK 250G;R$ 273,20;R$ 0,00;0,00%
COMETA;-;REDE;9631;COMETA (PRESIDENTE KENNEDY);PRESIDENTE KENNEDY;FORTALEZA;B;-3.7302312;-38.568373;QUEIJO MINAS FRESCAL TRAD VALE MILK 250G;R$ 192,83;R$ 0,00;0,00%
COMETA;-;REDE;9631;COMETA (PRESIDENTE KENNEDY);PRESIDENTE KENNEDY;FORTALEZA;B;-3.7302312;-38.568373;QUEIJO MINAS FRESCAL ZERO VALE MILK 250G;R$ 41,31;R$ 0,00;0,00%
COMETA;-;REDE;9631;COMETA (PRESIDENTE KENNEDY);PRESIDENTE KENNEDY;FORTALEZA;B;-3.7302312;-38.568373;RICOTA VALE MILK 200G;R$ 163,75;R$ 0,00;0,00%
MIX MATEUS;-;REDE;9635;MATEUS - MARACANAU;PAJUCARA;MARACANAU;C;-3.8782661;-38.59633799;QUEIJO MINAS FRESCAL LIGHT VALE MILK 250G;R$ 518,76;R$ 114,12;22,00%
MIX MATEUS;-;REDE;9635;MATEUS - MARACANAU;PAJUCARA;MARACANAU;C;-3.8782661;-38.59633799;QUEIJO MINAS FRESCAL TRAD VALE MILK 250G;R$ 503,73;R$ 9,02;1,79%
MIX MATEUS;-;REDE;9635;MATEUS - MARACANAU;PAJUCARA;MARACANAU;C;-3.8782661;-38.59633799;QUEIJO MINAS FRESCAL ZERO VALE MILK 250G;R$ 471,75;R$ 41,74;8,85%
MIX MATEUS;-;REDE;9635;MATEUS - MARACANAU;PAJUCARA;MARACANAU;C;-3.8782661;-38.59633799;RICOTA VALE MILK 200G;R$ 372,94;R$ 0,00;0,00%
-;-;VAREJO;10745;CIA DA CARNE;PARQUE BOA VISTA;CAUCAIA;C;-3.7600164;-38.6160465;QUEIJO MINAS FRESCAL TRAD VALE MILK 250G;R$ 158,67;R$ 0,00;0,00%
-;-;VAREJO;10745;CIA DA CARNE;PARQUE BOA VISTA;CAUCAIA;C;-3.7600164;-38.6160465;RICOTA VALE MILK 200G;R$ 28,13;R$ 0,00;0,00%
REDE PARCERIA;SUPER LUA;SUBREDE;10749;SUPER LUA - PROF MURILO;VICENTE PINZON;FORTALEZA;B;-3.7242051;-38.4636954;QUEIJO MINAS FRESCAL TRAD VALE MILK 250G;R$ 76,26;R$ 0,00;0,00%
REDE PARCERIA;SUPER LUA;SUBREDE;10749;SUPER LUA - PROF MURILO;VICENTE PINZON;FORTALEZA;B;-3.7242051;-38.4636954;RICOTA VALE MILK 200G;R$ 108,17;R$ 0,00;0,00%
MIX MATEUS;-;REDE;10756;MATEUS - HENRIQUE JORGE;DOM LUSTOSA;FORTALEZA;C;-3.75714249;-38.59061584;QUEIJO MINAS FRESCAL LIGHT VALE MILK 250G;R$ 228,10;R$ 190,80;83,65%
MIX MATEUS;-;REDE;10756;MATEUS - HENRIQUE JORGE;DOM LUSTOSA;FORTALEZA;C;-3.75714249;-38.59061584;QUEIJO MINAS FRESCAL TRAD VALE MILK 250G;R$ 265,11;R$ 0,49;0,18%
MIX MATEUS;-;REDE;10756;MATEUS - HENRIQUE JORGE;DOM LUSTOSA;FORTALEZA;C;-3.75714249;-38.59061584;QUEIJO MINAS FRESCAL ZERO VALE MILK 250G;R$ 315,45;R$ 0,16;0,05%
MIX MATEUS;-;REDE;10756;MATEUS - HENRIQUE JORGE;DOM LUSTOSA;FORTALEZA;C;-3.75714249;-38.59061584;RICOTA VALE MILK 200G;R$ 219,38;R$ 0,00;0,00%
MIX MATEUS;-;REDE;10758;MATEUS - MARANGUAPE;TANGUEIRA;MARANGUAPE;C;-3.89666198;-38.67373332;QUEIJO MINAS FRESCAL LIGHT VALE MILK 250G;R$ 269,78;R$ 0,00;0,00%
MIX MATEUS;-;REDE;10758;MATEUS - MARANGUAPE;TANGUEIRA;MARANGUAPE;C;-3.89666198;-38.67373332;QUEIJO MINAS FRESCAL TRAD VALE MILK 250G;R$ 382,12;R$ 0,00;0,00%
MIX MATEUS;-;REDE;10758;MATEUS - MARANGUAPE;TANGUEIRA;MARANGUAPE;C;-3.89666198;-38.67373332;QUEIJO MINAS FRESCAL ZERO VALE MILK 250G;R$ 511,43;R$ 0,00;0,00%
MIX MATEUS;-;REDE;10758;MATEUS - MARANGUAPE;TANGUEIRA;MARANGUAPE;C;-3.89666198;-38.67373332;RICOTA VALE MILK 200G;R$ 328,61;R$ 0,00;0,00%
COMETA;-;REDE;10946;COMETA (CENTRO);CARLITO PAMPLONA;FORTALEZA;C;-3.7216531;-38.540229;QUEIJO MINAS FRESCAL LIGHT VALE MILK 250G;R$ 227,31;R$ 0,00;0,00%
COMETA;-;REDE;10946;COMETA (CENTRO);CARLITO PAMPLONA;FORTALEZA;C;-3.7216531;-38.540229;QUEIJO MINAS FRESCAL TRAD VALE MILK 250G;R$ 160,43;R$ 4,92;3,07%
COMETA;-;REDE;10946;COMETA (CENTRO);CARLITO PAMPLONA;FORTALEZA;C;-3.7216531;-38.540229;QUEIJO MINAS FRESCAL ZERO VALE MILK 250G;R$ 287,91;R$ 9,00;3,13%
COMETA;-;REDE;10946;COMETA (CENTRO);CARLITO PAMPLONA;FORTALEZA;C;-3.7216531;-38.540229;RICOTA VALE MILK 200G;R$ 164,25;R$ 53,27;32,43%
COMETA;-;REDE;10947;COMETA (MESSEJANA);MESSEJANA;FORTALEZA;B;-3.8194224;-38.4817816;QUEIJO MINAS FRESCAL LIGHT VALE MILK 250G;R$ 118,34;R$ 32,66;27,60%
COMETA;-;REDE;10947;COMETA (MESSEJANA);MESSEJANA;FORTALEZA;B;-3.8194224;-38.4817816;QUEIJO MINAS FRESCAL TRAD VALE MILK 250G;R$ 147,87;R$ 57,66;38,99%
COMETA;-;REDE;10947;COMETA (MESSEJANA);MESSEJANA;FORTALEZA;B;-3.8194224;-38.4817816;QUEIJO MINAS FRESCAL ZERO VALE MILK 250G;R$ 118,62;R$ 59,97;50,56%
COMETA;-;REDE;10947;COMETA (MESSEJANA);MESSEJANA;FORTALEZA;B;-3.8194224;-38.4817816;RICOTA VALE MILK 200G;R$ 96,38;R$ 33,83;35,10%
COMETA;-;REDE;10948;COMETA (MONDUBIM);MONDUBIM;FORTALEZA;C;-3.81050075;-38.57394099;QUEIJO MINAS FRESCAL LIGHT VALE MILK 250G;R$ 159,59;R$ 32,02;20,06%
COMETA;-;REDE;10948;COMETA (MONDUBIM);MONDUBIM;FORTALEZA;C;-3.81050075;-38.57394099;QUEIJO MINAS FRESCAL TRAD VALE MILK 250G;R$ 109,33;R$ 41,01;37,51%
COMETA;-;REDE;10948;COMETA (MONDUBIM);MONDUBIM;FORTALEZA;C;-3.81050075;-38.57394099;QUEIJO MINAS FRESCAL ZERO VALE MILK 250G;R$ 167,13;R$ 39,89;23,87%
COMETA;-;REDE;10948;COMETA (MONDUBIM);MONDUBIM;FORTALEZA;C;-3.81050075;-38.57394099;RICOTA VALE MILK 200G;R$ 70,63;R$ 74,03;104,82%
REDE UNIFORCA;VARIEDADES SUPERMERCADO;SUBREDE;10974;VARIEDADES SUPERMERCADOS - LJ 03;CIGANA;CAUCAIA;C;-3.74187233;-38.65717313;QUEIJO MINAS FRESCAL LIGHT VALE MILK 250G;R$ 127,28;R$ 0,00;0,00%
REDE UNIFORCA;VARIEDADES SUPERMERCADO;SUBREDE;10974;VARIEDADES SUPERMERCADOS - LJ 03;CIGANA;CAUCAIA;C;-3.74187233;-38.65717313;QUEIJO MINAS FRESCAL TRAD VALE MILK 250G;R$ 122,18;R$ 0,00;0,00%
REDE UNIFORCA;VARIEDADES SUPERMERCADO;SUBREDE;10974;VARIEDADES SUPERMERCADOS - LJ 03;CIGANA;CAUCAIA;C;-3.74187233;-38.65717313;QUEIJO MINAS FRESCAL ZERO VALE MILK 250G;R$ 88,20;R$ 0,00;0,00%
CENTERBOX;-;REDE;10977;CENTERBOX - PRQ IRACEMA;PARQUE IRACEMA;FORTALEZA;C;-3.80290818;-38.49478307;QUEIJO MINAS FRESCAL LIGHT VALE MILK 250G;R$ 79,09;R$ 0,00;0,00%
CENTERBOX;-;REDE;10977;CENTERBOX - PRQ IRACEMA;PARQUE IRACEMA;FORTALEZA;C;-3.80290818;-38.49478307;QUEIJO MINAS FRESCAL TRAD VALE MILK 250G;R$ 229,63;R$ 0,00;0,00%
CENTERBOX;-;REDE;10977;CENTERBOX - PRQ IRACEMA;PARQUE IRACEMA;FORTALEZA;C;-3.80290818;-38.49478307;QUEIJO MINAS FRESCAL ZERO VALE MILK 250G;R$ 88,45;R$ 0,00;0,00%
CENTERBOX;-;REDE;10977;CENTERBOX - PRQ IRACEMA;PARQUE IRACEMA;FORTALEZA;C;-3.80290818;-38.49478307;RICOTA VALE MILK 200G;R$ 79,69;R$ 16,78;21,06%
REDE PARCERIA;SUPER PORTUGAL;SUBREDE;10978;SUPER PORTUGAL - JOAQUIM TAVORA;JOAQUIM TAVORA;FORTALEZA;A;-3.74863598;-38.51500582;QUEIJO MINAS FRESCAL LIGHT VALE MILK 250G;R$ 116,10;R$ 0,00;0,00%
REDE PARCERIA;SUPER PORTUGAL;SUBREDE;10978;SUPER PORTUGAL - JOAQUIM TAVORA;JOAQUIM TAVORA;FORTALEZA;A;-3.74863598;-38.51500582;QUEIJO MINAS FRESCAL TRAD VALE MILK 250G;R$ 112,34;R$ 0,00;0,00%
REDE PARCERIA;SUPER PORTUGAL;SUBREDE;10978;SUPER PORTUGAL - JOAQUIM TAVORA;JOAQUIM TAVORA;FORTALEZA;A;-3.74863598;-38.51500582;QUEIJO MINAS FRESCAL ZERO VALE MILK 250G;R$ 125,55;R$ 0,00;0,00%
REDE PARCERIA;SUPER PORTUGAL;SUBREDE;10978;SUPER PORTUGAL - JOAQUIM TAVORA;JOAQUIM TAVORA;FORTALEZA;A;-3.74863598;-38.51500582;RICOTA VALE MILK 200G;R$ 111,07;R$ 0,00;0,00%
REDE INTEGRADA;SUPER PRECO BOM;SUBREDE;11069;SUPER PRECO BOM - ARATURI;ARATURI;CAUCAIA;C;-3.76838301;-38.63246723;RICOTA VALE MILK 200G;R$ 28,42;R$ 0,00;0,00%
REDE PARCERIA;COMPRE MAX;SUBREDE;11163;COMPREMAX - ICARAI;ICARAI;CAUCAIA;C;-3.67322246;-38.67026304;QUEIJO MINAS FRESCAL LIGHT VALE MILK 250G;R$ 157,58;R$ 0,00;0,00%
REDE PARCERIA;COMPRE MAX;SUBREDE;11163;COMPREMAX - ICARAI;ICARAI;CAUCAIA;C;-3.67322246;-38.67026304;QUEIJO MINAS FRESCAL TRAD VALE MILK 250G;R$ 219,35;R$ 0,00;0,00%
REDE PARCERIA;COMPRE MAX;SUBREDE;11163;COMPREMAX - ICARAI;ICARAI;CAUCAIA;C;-3.67322246;-38.67026304;QUEIJO MINAS FRESCAL ZERO VALE MILK 250G;R$ 280,26;R$ 100,13;35,73%
REDE PARCERIA;COMPRE MAX;SUBREDE;11163;COMPREMAX - ICARAI;ICARAI;CAUCAIA;C;-3.67322246;-38.67026304;RICOTA VALE MILK 200G;R$ 227,61;R$ 26,84;11,79%
REDE PARCERIA;MAE RAINHA;SUBREDE;11220;MAE RAINHA - MARACANAU;PAJUCARA;MARACANAU;C;-3.85564449;-38.5796747;QUEIJO MINAS FRESCAL LIGHT VALE MILK 250G;R$ 162,11;R$ 0,00;0,00%
REDE PARCERIA;MAE RAINHA;SUBREDE;11220;MAE RAINHA - MARACANAU;PAJUCARA;MARACANAU;C;-3.85564449;-38.5796747;QUEIJO MINAS FRESCAL TRAD VALE MILK 250G;R$ 190,88;R$ 0,00;0,00%
REDE PARCERIA;MAE RAINHA;SUBREDE;11220;MAE RAINHA - MARACANAU;PAJUCARA;MARACANAU;C;-3.85564449;-38.5796747;QUEIJO MINAS FRESCAL ZERO VALE MILK 250G;R$ 121,95;R$ 0,00;0,00%
REDE PARCERIA;MAE RAINHA;SUBREDE;11220;MAE RAINHA - MARACANAU;PAJUCARA;MARACANAU;C;-3.85564449;-38.5796747;RICOTA VALE MILK 200G;R$ 72,00;R$ 0,00;0,00%
REDE POUPE MAX;SUPER GENTILANDIA;SUBREDE;11308;SUPER GENTILANDIA - JOAO XXIII;JOAO XXIII;FORTALEZA;C;-3.76766389;-38.58719909;QUEIJO MINAS FRESCAL LIGHT VALE MILK 250G;R$ 42,57;R$ 0,00;0,00%
REDE POUPE MAX;SUPER GENTILANDIA;SUBREDE;11308;SUPER GENTILANDIA - JOAO XXIII;JOAO XXIII;FORTALEZA;C;-3.76766389;-38.58719909;QUEIJO MINAS FRESCAL TRAD VALE MILK 250G;R$ 41,00;R$ 0,00;0,00%
REDE POUPE MAX;SUPER GENTILANDIA;SUBREDE;11308;SUPER GENTILANDIA - JOAO XXIII;JOAO XXIII;FORTALEZA;C;-3.76766389;-38.58719909;QUEIJO MINAS FRESCAL ZERO VALE MILK 250G;R$ 87,30;R$ 0,00;0,00%
REDE POUPE MAX;SUPER GENTILANDIA;SUBREDE;11308;SUPER GENTILANDIA - JOAO XXIII;JOAO XXIII;FORTALEZA;C;-3.76766389;-38.58719909;RICOTA VALE MILK 200G;R$ 55,97;R$ 0,00;0,00%
REDE PARCERIA;ANALI;SUBREDE;11313;ANALI - MARACANAU;LUZARDO VIANA;MARACANAU;C;-3.86054514;-38.63646879;QUEIJO MINAS FRESCAL TRAD VALE MILK 250G;R$ 78,40;R$ 0,00;0,00%
REDE PARCERIA;ANALI;SUBREDE;11313;ANALI - MARACANAU;LUZARDO VIANA;MARACANAU;C;-3.86054514;-38.63646879;RICOTA VALE MILK 200G;R$ 26,10;R$ 0,00;0,00%
-;CANTINHO DAS FRUTAS;SUBREDE;11334;CANTINHO DAS FRUTAS - SMALL;IPARANA;CAUCAIA;C;-3.69321003;-38.61875114;QUEIJO MINAS FRESCAL LIGHT VALE MILK 250G;R$ 58,48;R$ 99,41;169,99%
-;CANTINHO DAS FRUTAS;SUBREDE;11334;CANTINHO DAS FRUTAS - SMALL;IPARANA;CAUCAIA;C;-3.69321003;-38.61875114;QUEIJO MINAS FRESCAL TRAD VALE MILK 250G;R$ 40,59;R$ 103,32;254,55%
-;CANTINHO DAS FRUTAS;SUBREDE;11334;CANTINHO DAS FRUTAS - SMALL;IPARANA;CAUCAIA;C;-3.69321003;-38.61875114;QUEIJO MINAS FRESCAL ZERO VALE MILK 250G;R$ 43,20;R$ 33,84;78,33%
-;CANTINHO DAS FRUTAS;SUBREDE;11334;CANTINHO DAS FRUTAS - SMALL;IPARANA;CAUCAIA;C;-3.69321003;-38.61875114;RICOTA VALE MILK 200G;R$ 26,10;R$ 83,17;318,66%
REDE PARCERIA;MIRELLY;SUBREDE;11412;MIRELLY - CONJ CEARA;CONJUNTO CEARA;FORTALEZA;C;-3.75761186;-38.61031199;QUEIJO MINAS FRESCAL LIGHT VALE MILK 250G;R$ 85,57;R$ 81,30;95,01%
REDE PARCERIA;MIRELLY;SUBREDE;11412;MIRELLY - CONJ CEARA;CONJUNTO CEARA;FORTALEZA;C;-3.75761186;-38.61031199;QUEIJO MINAS FRESCAL TRAD VALE MILK 250G;R$ 79,13;R$ 18,51;23,39%
REDE PARCERIA;MIRELLY;SUBREDE;11412;MIRELLY - CONJ CEARA;CONJUNTO CEARA;FORTALEZA;C;-3.75761186;-38.61031199;RICOTA VALE MILK 200G;R$ 27,84;R$ 0,00;0,00%
REDE POUPE MAX;SUPER GENTILANDIA;SUBREDE;11455;SUPER GENTILANDIA - BENFICA;BENFICA;FORTALEZA;B;-3.7451759;-38.5402234;QUEIJO MINAS FRESCAL LIGHT VALE MILK 250G;R$ 333,68;R$ 64,58;19,35%
REDE POUPE MAX;SUPER GENTILANDIA;SUBREDE;11455;SUPER GENTILANDIA - BENFICA;BENFICA;FORTALEZA;B;-3.7451759;-38.5402234;QUEIJO MINAS FRESCAL TRAD VALE MILK 250G;R$ 240,26;R$ 0,00;0,00%
REDE POUPE MAX;SUPER GENTILANDIA;SUBREDE;11455;SUPER GENTILANDIA - BENFICA;BENFICA;FORTALEZA;B;-3.7451759;-38.5402234;QUEIJO MINAS FRESCAL ZERO VALE MILK 250G;R$ 265,50;R$ 55,08;20,75%
REDE POUPE MAX;SUPER GENTILANDIA;SUBREDE;11455;SUPER GENTILANDIA - BENFICA;BENFICA;FORTALEZA;B;-3.7451759;-38.5402234;RICOTA VALE MILK 200G;R$ 84,68;R$ 0,00;0,00%
REDE PARCERIA;ANALI;SUBREDE;11546;ANALI - NOVO MARANGUAPE;NOVO MARANGUAPE I;MARANGUAPE;C;-3.87590534;-38.67060875;QUEIJO MINAS FRESCAL TRAD VALE MILK 250G;R$ 40,00;R$ 0,00;0,00%
REDE PARCERIA;ANALI;SUBREDE;11546;ANALI - NOVO MARANGUAPE;NOVO MARANGUAPE I;MARANGUAPE;C;-3.87590534;-38.67060875;RICOTA VALE MILK 200G;R$ 26,10;R$ 0,00;0,00%
MIX MATEUS;-;REDE;11622;MATEUS - CAUCAIA;PARQUE GUADALAJARA (JUREMA);CAUCAIA;C;-3.76132708;-38.61643438;QUEIJO MINAS FRESCAL LIGHT VALE MILK 250G;R$ 417,46;R$ 0,00;0,00%
MIX MATEUS;-;REDE;11622;MATEUS - CAUCAIA;PARQUE GUADALAJARA (JUREMA);CAUCAIA;C;-3.76132708;-38.61643438;QUEIJO MINAS FRESCAL TRAD VALE MILK 250G;R$ 260,27;R$ 0,00;0,00%
MIX MATEUS;-;REDE;11622;MATEUS - CAUCAIA;PARQUE GUADALAJARA (JUREMA);CAUCAIA;C;-3.76132708;-38.61643438;QUEIJO MINAS FRESCAL ZERO VALE MILK 250G;R$ 392,37;R$ 0,00;0,00%
MIX MATEUS;-;REDE;11622;MATEUS - CAUCAIA;PARQUE GUADALAJARA (JUREMA);CAUCAIA;C;-3.76132708;-38.61643438;RICOTA VALE MILK 200G;R$ 196,09;R$ 0,00;0,00%
REDE PARCERIA;SUPER LUA;SUBREDE;11645;SUPER LUA - AREIA BRANCA;MUCURIPE;FORTALEZA;C;-3.72712807;-38.47527325;QUEIJO MINAS FRESCAL TRAD VALE MILK 250G;R$ 77,08;R$ 0,00;0,00%
REDE PARCERIA;SUPER LUA;SUBREDE;11645;SUPER LUA - AREIA BRANCA;MUCURIPE;FORTALEZA;C;-3.72712807;-38.47527325;RICOTA VALE MILK 200G;R$ 56,84;R$ 0,00;0,00%
-;-;VAREJO;11666;MERCADINHO BOM PREÇO;NOVA METROPOLE;CAUCAIA;C;-3.76979132;-38.6548591;QUEIJO MINAS FRESCAL LIGHT VALE MILK 250G;R$ 39,56;R$ 0,00;0,00%
-;-;VAREJO;11666;MERCADINHO BOM PREÇO;NOVA METROPOLE;CAUCAIA;C;-3.76979132;-38.6548591;QUEIJO MINAS FRESCAL TRAD VALE MILK 250G;R$ 20,09;R$ 0,00;0,00%
-;-;VAREJO;11666;MERCADINHO BOM PREÇO;NOVA METROPOLE;CAUCAIA;C;-3.76979132;-38.6548591;QUEIJO MINAS FRESCAL ZERO VALE MILK 250G;R$ 20,25;R$ 0,00;0,00%
-;-;VAREJO;11666;MERCADINHO BOM PREÇO;NOVA METROPOLE;CAUCAIA;C;-3.76979132;-38.6548591;RICOTA VALE MILK 200G;R$ 11,89;R$ 0,00;0,00%
REDE PARCERIA;SUPERMERCADO VAREJAO;SUBREDE;11703;SUPERMERCADO VAREJAO - NOVO MONDUBIM;VILA MANOEL SATIRO;FORTALEZA;C;-3.81078567;-38.58550379;QUEIJO MINAS FRESCAL LIGHT VALE MILK 250G;R$ 38,70;R$ 0,00;0,00%
REDE PARCERIA;SUPERMERCADO VAREJAO;SUBREDE;11703;SUPERMERCADO VAREJAO - NOVO MONDUBIM;VILA MANOEL SATIRO;FORTALEZA;C;-3.81078567;-38.58550379;QUEIJO MINAS FRESCAL TRAD VALE MILK 250G;R$ 39,36;R$ 0,00;0,00%
REDE PARCERIA;SUPERMERCADO VAREJAO;SUBREDE;11703;SUPERMERCADO VAREJAO - NOVO MONDUBIM;VILA MANOEL SATIRO;FORTALEZA;C;-3.81078567;-38.58550379;QUEIJO MINAS FRESCAL ZERO VALE MILK 250G;R$ 44,10;R$ 0,00;0,00%
REDE PARCERIA;SUPERMERCADO VAREJAO;SUBREDE;11703;SUPERMERCADO VAREJAO - NOVO MONDUBIM;VILA MANOEL SATIRO;FORTALEZA;C;-3.81078567;-38.58550379;RICOTA VALE MILK 200G;R$ 28,71;R$ 0,00;0,00%
MIX MATEUS;-;REDE;11733;MATEUS - JOSE WALTER;MONDUBIM;FORTALEZA;C;-3.8207176;-38.55885136;QUEIJO MINAS FRESCAL LIGHT VALE MILK 250G;R$ 704,88;R$ 8,28;1,17%
MIX MATEUS;-;REDE;11733;MATEUS - JOSE WALTER;MONDUBIM;FORTALEZA;C;-3.8207176;-38.55885136;QUEIJO MINAS FRESCAL TRAD VALE MILK 250G;R$ 586,71;R$ 123,00;20,96%
MIX MATEUS;-;REDE;11733;MATEUS - JOSE WALTER;MONDUBIM;FORTALEZA;C;-3.8207176;-38.55885136;QUEIJO MINAS FRESCAL ZERO VALE MILK 250G;R$ 593,27;R$ 10,25;1,73%
MIX MATEUS;-;REDE;11733;MATEUS - JOSE WALTER;MONDUBIM;FORTALEZA;C;-3.8207176;-38.55885136;RICOTA VALE MILK 200G;R$ 592,99;R$ 0,00;0,00%
REDE PARCERIA;SUPER PORTUGAL;SUBREDE;11743;SUPER PORTUGAL- SAPIRANGA;SAPIRANGA;FORTALEZA;B;-3.79508034;-38.47443215;QUEIJO MINAS FRESCAL LIGHT VALE MILK 250G;R$ 115,67;R$ 58,82;50,85%
REDE PARCERIA;SUPER PORTUGAL;SUBREDE;11743;SUPER PORTUGAL- SAPIRANGA;SAPIRANGA;FORTALEZA;B;-3.79508034;-38.47443215;QUEIJO MINAS FRESCAL TRAD VALE MILK 250G;R$ 111,52;R$ 24,36;21,84%
REDE PARCERIA;SUPER PORTUGAL;SUBREDE;11743;SUPER PORTUGAL- SAPIRANGA;SAPIRANGA;FORTALEZA;B;-3.79508034;-38.47443215;QUEIJO MINAS FRESCAL ZERO VALE MILK 250G;R$ 119,25;R$ 63,00;52,83%
REDE PARCERIA;SUPER PORTUGAL;SUBREDE;11743;SUPER PORTUGAL- SAPIRANGA;SAPIRANGA;FORTALEZA;B;-3.79508034;-38.47443215;RICOTA VALE MILK 200G;R$ 82,94;R$ 22,21;26,78%
COMETA;-;REDE;11775;COMETA (BARAO DO RIO BRANCO);JOSE BONIFACIO;FORTALEZA;B;-3.73996838;-38.53237147;QUEIJO MINAS FRESCAL LIGHT VALE MILK 250G;R$ 250,52;R$ 0,00;0,00%
COMETA;-;REDE;11775;COMETA (BARAO DO RIO BRANCO);JOSE BONIFACIO;FORTALEZA;B;-3.73996838;-38.53237147;QUEIJO MINAS FRESCAL TRAD VALE MILK 250G;R$ 321,18;R$ 0,00;0,00%
COMETA;-;REDE;11775;COMETA (BARAO DO RIO BRANCO);JOSE BONIFACIO;FORTALEZA;B;-3.73996838;-38.53237147;QUEIJO MINAS FRESCAL ZERO VALE MILK 250G;R$ 311,40;R$ 0,00;0,00%
COMETA;-;REDE;11775;COMETA (BARAO DO RIO BRANCO);JOSE BONIFACIO;FORTALEZA;B;-3.73996838;-38.53237147;RICOTA VALE MILK 200G;R$ 222,25;R$ 0,00;0,00%
COMETA;-;REDE;11809;COMETA (JOAO XXIII);JOQUEI CLUBE;FORTALEZA;C;-3.77305558;-38.57358276;QUEIJO MINAS FRESCAL LIGHT VALE MILK 250G;R$ 77,69;R$ 147,22;189,50%
COMETA;-;REDE;11809;COMETA (JOAO XXIII);JOQUEI CLUBE;FORTALEZA;C;-3.77305558;-38.57358276;QUEIJO MINAS FRESCAL TRAD VALE MILK 250G;R$ 38,06;R$ 0,00;0,00%
COMETA;-;REDE;11809;COMETA (JOAO XXIII);JOQUEI CLUBE;FORTALEZA;C;-3.77305558;-38.57358276;QUEIJO MINAS FRESCAL ZERO VALE MILK 250G;R$ 124,47;R$ 311,85;250,54%
COMETA;-;REDE;11809;COMETA (JOAO XXIII);JOQUEI CLUBE;FORTALEZA;C;-3.77305558;-38.57358276;RICOTA VALE MILK 200G;R$ 23,38;R$ 84,00;359,36%
REDE PARCERIA;COMPRE MAX;SUBREDE;11844;COMPREMAX - CONJ NOVA METROPOLE;NOVA METROPOLE;CAUCAIA;C;-3.76944093;-38.65433696;QUEIJO MINAS FRESCAL LIGHT VALE MILK 250G;R$ 203,03;R$ 73,41;36,16%
REDE PARCERIA;COMPRE MAX;SUBREDE;11844;COMPREMAX - CONJ NOVA METROPOLE;NOVA METROPOLE;CAUCAIA;C;-3.76944093;-38.65433696;QUEIJO MINAS FRESCAL TRAD VALE MILK 250G;R$ 72,08;R$ 0,00;0,00%
REDE PARCERIA;COMPRE MAX;SUBREDE;11844;COMPREMAX - CONJ NOVA METROPOLE;NOVA METROPOLE;CAUCAIA;C;-3.76944093;-38.65433696;QUEIJO MINAS FRESCAL ZERO VALE MILK 250G;R$ 126,27;R$ 81,00;64,15%
REDE PARCERIA;COMPRE MAX;SUBREDE;11844;COMPREMAX - CONJ NOVA METROPOLE;NOVA METROPOLE;CAUCAIA;C;-3.76944093;-38.65433696;RICOTA VALE MILK 200G;R$ 126,90;R$ 9,45;7,45%
CENTERBOX;-;REDE;11851;CENTERBOX - CURIO;LAGOA REDONDA;FORTALEZA;C;-3.82637289;-38.47433135;QUEIJO MINAS FRESCAL LIGHT VALE MILK 250G;R$ 211,95;R$ 0,00;0,00%
CENTERBOX;-;REDE;11851;CENTERBOX - CURIO;LAGOA REDONDA;FORTALEZA;C;-3.82637289;-38.47433135;QUEIJO MINAS FRESCAL TRAD VALE MILK 250G;R$ 201,41;R$ 0,00;0,00%
CENTERBOX;-;REDE;11851;CENTERBOX - CURIO;LAGOA REDONDA;FORTALEZA;C;-3.82637289;-38.47433135;QUEIJO MINAS FRESCAL ZERO VALE MILK 250G;R$ 222,25;R$ 159,98;71,98%
CENTERBOX;-;REDE;11851;CENTERBOX - CURIO;LAGOA REDONDA;FORTALEZA;C;-3.82637289;-38.47433135;RICOTA VALE MILK 200G;R$ 194,36;R$ 87,06;44,79%
COMETA;-;REDE;11879;COMETA (PATIO OLIVEIRA PAIVA);CIDADE DOS FUNCIONARIOS;FORTALEZA;B;-3.79612714;-38.49383649;QUEIJO MINAS FRESCAL LIGHT VALE MILK 250G;R$ 292,45;R$ 90,84;31,06%
COMETA;-;REDE;11879;COMETA (PATIO OLIVEIRA PAIVA);CIDADE DOS FUNCIONARIOS;FORTALEZA;B;-3.79612714;-38.49383649;QUEIJO MINAS FRESCAL TRAD VALE MILK 250G;R$ 281,16;R$ 111,96;39,82%
COMETA;-;REDE;11879;COMETA (PATIO OLIVEIRA PAIVA);CIDADE DOS FUNCIONARIOS;FORTALEZA;B;-3.79612714;-38.49383649;QUEIJO MINAS FRESCAL ZERO VALE MILK 250G;R$ 305,82;R$ 213,21;69,72%
COMETA;-;REDE;11879;COMETA (PATIO OLIVEIRA PAIVA);CIDADE DOS FUNCIONARIOS;FORTALEZA;B;-3.79612714;-38.49383649;RICOTA VALE MILK 200G;R$ 145,63;R$ 0,00;0,00%
CENTERBOX;-;REDE;11895;CENTERBOX - PEDRAS;PEDRAS;FORTALEZA;B;-3.89368547;-38.51477265;QUEIJO MINAS FRESCAL LIGHT VALE MILK 250G;R$ 39,55;R$ 10,00;25,29%
CENTERBOX;-;REDE;11895;CENTERBOX - PEDRAS;PEDRAS;FORTALEZA;B;-3.89368547;-38.51477265;QUEIJO MINAS FRESCAL TRAD VALE MILK 250G;R$ 188,28;R$ 8,78;4,66%
CENTERBOX;-;REDE;11895;CENTERBOX - PEDRAS;PEDRAS;FORTALEZA;B;-3.89368547;-38.51477265;RICOTA VALE MILK 200G;R$ 140,07;R$ 0,00;0,00%
CENTERBOX;-;REDE;11898;CENTERBOX - VALPARAISO;JANGURUSSU;FORTALEZA;C ;-3.8489518;-38.51200331;QUEIJO MINAS FRESCAL LIGHT VALE MILK 250G;R$ 167,24;R$ 0,00;0,00%
CENTERBOX;-;REDE;11898;CENTERBOX - VALPARAISO;JANGURUSSU;FORTALEZA;C ;-3.8489518;-38.51200331;QUEIJO MINAS FRESCAL TRAD VALE MILK 250G;R$ 189,10;R$ 0,00;0,00%
CENTERBOX;-;REDE;11898;CENTERBOX - VALPARAISO;JANGURUSSU;FORTALEZA;C ;-3.8489518;-38.51200331;QUEIJO MINAS FRESCAL ZERO VALE MILK 250G;R$ 88,90;R$ 0,00;0,00%
CENTERBOX;-;REDE;11898;CENTERBOX - VALPARAISO;JANGURUSSU;FORTALEZA;C ;-3.8489518;-38.51200331;RICOTA VALE MILK 200G;R$ 137,17;R$ 0,00;0,00%
CENTERBOX;-;REDE;11899;CENTERBOX - LAGOA REDONDA;LAGOA REDONDA;FORTALEZA;C;-3.82635425;-38.47426069;QUEIJO MINAS FRESCAL LIGHT VALE MILK 250G;R$ 253,74;R$ 236,94;93,38%
CENTERBOX;-;REDE;11899;CENTERBOX - LAGOA REDONDA;LAGOA REDONDA;FORTALEZA;C;-3.82635425;-38.47426069;QUEIJO MINAS FRESCAL TRAD VALE MILK 250G;R$ 318,15;R$ 186,64;58,66%
CENTERBOX;-;REDE;11899;CENTERBOX - LAGOA REDONDA;LAGOA REDONDA;FORTALEZA;C;-3.82635425;-38.47426069;QUEIJO MINAS FRESCAL ZERO VALE MILK 250G;R$ 266,79;R$ 215,95;80,94%
CENTERBOX;-;REDE;11899;CENTERBOX - LAGOA REDONDA;LAGOA REDONDA;FORTALEZA;C;-3.82635425;-38.47426069;RICOTA VALE MILK 200G;R$ 228,18;R$ 177,55;77,81%
REDE POUPE MAX;SUPER GENTILANDIA;SUBREDE;11912;SUPER GENTILANDIA- JOSE BONIFACIO;JOSE BONIFACIO;FORTALEZA;B;-3.73839532;-38.53222215;QUEIJO MINAS FRESCAL LIGHT VALE MILK 250G;R$ 39,47;R$ 0,00;0,00%
REDE POUPE MAX;SUPER GENTILANDIA;SUBREDE;11912;SUPER GENTILANDIA- JOSE BONIFACIO;JOSE BONIFACIO;FORTALEZA;B;-3.73839532;-38.53222215;QUEIJO MINAS FRESCAL TRAD VALE MILK 250G;R$ 74,46;R$ 0,00;0,00%
REDE POUPE MAX;SUPER GENTILANDIA;SUBREDE;11912;SUPER GENTILANDIA- JOSE BONIFACIO;JOSE BONIFACIO;FORTALEZA;B;-3.73839532;-38.53222215;QUEIJO MINAS FRESCAL ZERO VALE MILK 250G;R$ 42,21;R$ 0,00;0,00%
REDE POUPE MAX;SUPER GENTILANDIA;SUBREDE;11912;SUPER GENTILANDIA- JOSE BONIFACIO;JOSE BONIFACIO;FORTALEZA;B;-3.73839532;-38.53222215;RICOTA VALE MILK 200G;R$ 27,41;R$ 0,00;0,00%
CENTERBOX;-;REDE;11946;CENTERBOX - PARQUE SANTA MARIA;Parque Santa Maria;FORTALEZA;B;-3.8573702;-3.8573702;QUEIJO MINAS FRESCAL LIGHT VALE MILK 250G;R$ 256,76;R$ 0,00;0,00%
CENTERBOX;-;REDE;11946;CENTERBOX - PARQUE SANTA MARIA;Parque Santa Maria;FORTALEZA;B;-3.8573702;-3.8573702;QUEIJO MINAS FRESCAL TRAD VALE MILK 250G;R$ 287,14;R$ 0,00;0,00%
CENTERBOX;-;REDE;11946;CENTERBOX - PARQUE SANTA MARIA;Parque Santa Maria;FORTALEZA;B;-3.8573702;-3.8573702;QUEIJO MINAS FRESCAL ZERO VALE MILK 250G;R$ 39,14;R$ 0,00;0,00%
CENTERBOX;-;REDE;11946;CENTERBOX - PARQUE SANTA MARIA;Parque Santa Maria;FORTALEZA;B;-3.8573702;-3.8573702;RICOTA VALE MILK 200G;R$ 170,99;R$ 0,00;0,00%
