COD;NOME FANTASIA;REDE;SUBREDE;ENDERECO;BAIRRO;CIDADE;LATITUDE;LONGITUDE;NOVO PROMOTOR;CODIGO PROMOTOR;LATITUDE CASA;LONGITUDE CASA
972;CENTERBOX - CONCEITO;CENTERBOX;-;RUA DR GILBERTO STUDART, 155;COCO;FORTALEZA;-3.7424091;-38.4867581;SEM PROMOTOR 1;-;-;-
8900007;FRANGOLANDIA - SANTOS DUMONT;FRANGOLANDIA;-;AV. SANTOS DUMONT, 5916;PAPICU;FORTALEZA;-3.7429041;-38.4794315;SEM PROMOTOR 1;-;-;-
224;CENTERBOX - SANTOS DUMONT;CENTERBOX;-;AV. SANTOS DUMONT, 6500;COCO;FORTALEZA;-3.7440842;-38.4749343;SEM PROMOTOR 1;-;-;-
4522;COMETA (ENGENHEIRO SANTANA JR);COMETA;-;AVENIDA ENG SANTANA JUNIOR, 699;PAPICU;FORTALEZA;-3.7354422;-38.4816227;SEM PROMOTOR 1;-;-;-
179;SUPER LAGOA - CIDADE 2000;SUPER LAGOA;-;AVENIDA CENTRAL OESTE, 1001;CIDADE 2000;FORTALEZA;-3.7510005;-38.471921;SEM PROMOTOR 1;-;-;-
233;SUPER LAGOA - LUCIANO CAVALCANTE;SUPER LAGOA;-;RUA VIRGILIO BASTOS DOS SANTOS, 66;LUCIANO CAVALCANTE;FORTALEZA;-3.768427;-38.4936217;SEM PROMOTOR 1;-;-;-
4394;SUPER LAGOA - SANTOS DUMONT;SUPER LAGOA;-;AV. SANTOS DUMONT, 3860;ALDEOTA;FORTALEZA;-3.7394701;-38.4895647;SEM PROMOTOR 1;-;-;-
4271;PAO DE ACUCAR - COCO (1253);GPA;-;AVENIDA ENG SANTANA JUNIOR, 2277;COCO;FORTALEZA;-3.7430401;-38.4859163;SEM PROMOTOR 1;-;-;-
3533;PAO DE ACUCAR - IGUATEMI (1339);GPA;-;AVENIDA WASHINGTON SOARES, 85;EDSON QUEIROZ;FORTALEZA;-3.7549918;-38.4880049;SEM PROMOTOR 1;-;-;-
4284;PAO DE ACUCAR - LUCIANO CAVALCANTE (2374);GPA;-;AVENIDA WASHINGTON SOARES, 1500;LUCIANO CAVALCANTE;FORTALEZA;-3.772043;-38.4828363;SEM PROMOTOR 1;-;-;-
8900006;FRANGOLANDIA - COCÓ;FRANGOLANDIA;-;AV. ANTONIO SALES, 3700;COCO;FORTALEZA;-3.7495167;-38.490536;SEM PROMOTOR 1;-;-;-
8900003;FRANGOLANDIA - VARJOTA;FRANGOLANDIA;-;RUA FREI MANSUETO, 909;VARJOTA;FORTALEZA;-3.7321668;-38.4886676;MAX FELIX MONTEIRO;11023;-3.732888;-38.5031309
1058;COMETA (VIRGILIO TAVORA);COMETA;-;AVENIDA SEN VIRGILIO TAVORA, 847;MEIRELES;FORTALEZA;-3.7344387;-38.4922603;MAX FELIX MONTEIRO;11023;-3.732888;-38.5031309
9340;COMETA (BENI CARVALHO);COMETA;-;AVENIDA SEN VIRGILIO TAVORA, 2201;ALDEOTA;FORTALEZA;-3.745611;-38.495747;MAX FELIX MONTEIRO;11023;-3.732888;-38.5031309
8900010;FRANGOLANDIA - ALDEOTA;FRANGOLANDIA;-;AV. SANTOS DUMONT, 2680;ALDEOTA;FORTALEZA;-3.7358277;-38.5013099;MAX FELIX MONTEIRO;11023;-3.732888;-38.5031309
4029;COMETA (TIBURCIO CAVALCANTE);COMETA;-;RUA TIBURCIO CAVALCANTE, 1885;ALDEOTA;FORTALEZA;-3.7411822;-38.5041525;MAX FELIX MONTEIRO;11023;-3.732888;-38.5031309
4393;COMETA (PE ANTONIO TOMAS);COMETA;-;AVENIDA PE ANTONIO TOMAS, 871;ALDEOTA;FORTALEZA;-3.7411919;-38.4958533;MAX FELIX MONTEIRO;11023;-3.732888;-38.5031309
5047;PINHEIRO - ANTONIO SALES;PINHEIRO;-;AVENIDA ANTONIO SALES, 3266;DIONISIO TORRES;FORTALEZA;-3.74784;-38.49493;MAX FELIX MONTEIRO;11023;-3.732888;-38.5031309
4009;PAO DE ACUCAR - CENTER UM (1209);GPA;-;AVENIDA SANTOS DUMONT, 3130;ALDEOTA;FORTALEZA;-3.7373679;-38.4974441;MAX FELIX MONTEIRO;11023;-3.732888;-38.5031309
3944;PAO DE ACUCAR - JULIO VENTURA (1252);GPA;-;RUA BARBARA DE ALENCAR, 1887;ALDEOTA;FORTALEZA;-3.7399659;-38.5075747;MAX FELIX MONTEIRO;11023;-3.732888;-38.5031309
6971169;SUPER DO POVO - MINI MARKET;SUPER DO POVO;-;RUA MONSENHOR BRUNO, 2333;JOAQUIM TAVORA;FORTALEZA;-3.7426267;-38.5125024;MAX FELIX MONTEIRO;11023;-3.732888;-38.5031309
9339;COMETA (JACARECANGA);COMETA;-;AVENIDA FRANCISCO SA, 2670;JACARECANGA;FORTALEZA;-3.72013;-38.54911;DAVI ARAUJO DE LIMA;11932;-3.7166878;-38.579602
958;COMETA (PINTO MADEIRA);COMETA;-;RUA PINTO MADEIRA, 1340;CENTRO;FORTALEZA;-3.7338116;-38.5136501;DAVI ARAUJO DE LIMA;11932;-3.7166878;-38.579602
967;COMETA (J DA PENHA);COMETA;-;RUA J DA PENHA, 709;CENTRO;FORTALEZA;-3.7374817;-38.5204755;DAVI ARAUJO DE LIMA;11932;-3.7166878;-38.579602
4141;PAO DE ACUCAR - NAUTICO (1004);GPA;-;AVENIDA DA ABOLICAO, 2900;MEIRELES;FORTALEZA;-3.7274751;-38.4937798;DAVI ARAUJO DE LIMA;11932;-3.7166878;-38.579602
228;SUPER LAGOA - CENTRO;SUPER LAGOA;-;RUA SOLON PINHEIRO, 136;CENTRO;FORTALEZA;-3.7316219;-38.5268458;DAVI ARAUJO DE LIMA;11932;-3.7166878;-38.579602
10946;COMETA (CENTRO);COMETA;-;RUA SAO PAULO, 01648;CENTRO;FORTALEZA;-3.7216531;-38.540229;DAVI ARAUJO DE LIMA;11932;-3.7166878;-38.579602
4197;PAO DE ACUCAR - SANTOS DUMONT (1220);GPA;-;AVENIDA SANTOS DUMONT, 1169;ALDEOTA;FORTALEZA;-3.7306636;-38.5131575;DAVI ARAUJO DE LIMA;11932;-3.7166878;-38.579602
3815;PAO DE ACUCAR - MUCURIPE (1257);GPA;-;AVENIDA DA ABOLICAO, 3790;MUCURIPE;FORTALEZA;-3.7277865;-38.4862037;DAVI ARAUJO DE LIMA;11932;-3.7166878;-38.579602
3616;PINHEIRO - PRAIA DE IRACEMA;PINHEIRO;-;AVENIDA MONSENHOR TABOSA, 697;PRAIA DE IRACEMA;FORTALEZA;-3.7237615;-38.513129;DAVI ARAUJO DE LIMA;11932;-3.7166878;-38.579602
989;COMETA (CASTELO BRANCO);COMETA;-;AVENIDA PRES CASTELO BRANCO, 5211;BARRA DO CEARA;FORTALEZA;-3.7049139;-38.5780082;CAIO DARLAN NASCIMENTO SILVA;11678;-3.7071344;-38.5863498
8900000;FRANGOLANDIA - ALVARO WEYNE;FRANGOLANDIA;-;AV FRANCISCO SA, 4474;ALVARO WEYNE;FORTALEZA;-3.7146908999999653;-38.56453049999993;CAIO DARLAN NASCIMENTO SILVA;11678;-3.7071344;-38.5863498
465;CENTERBOX - CEL CARVALHO;CENTERBOX;-;AVENIDA CEL CARVALHO, 1261;BARRA DO CEARA;FORTALEZA;-3.7135362;-38.5885703;CAIO DARLAN NASCIMENTO SILVA;11678;-3.7071344;-38.5863498
4458;CENTERBOX - BARRA;CENTERBOX;-;AVENIDA CEL CARVALHO, 901;BARRA DO CEARA;FORTALEZA;-3.7100856;-38.5897058;CAIO DARLAN NASCIMENTO SILVA;11678;-3.7071344;-38.5863498
4293;CENTERBOX - CAUCAIA;CENTERBOX;-;AVENIDA EDSON DA MOTA CORREIA, 1125;CENTRO;CAUCAIA;-3.7347353;-38.6595839;CAIO DARLAN NASCIMENTO SILVA;11678;-3.7071344;-38.5863498
950;COMETA (VILA VELHA);COMETA;-;RUA PEDRO SAMPAIO, 778;VILA VELHA;FORTALEZA;-3.7233183;-38.5963513;CAIO DARLAN NASCIMENTO SILVA;11678;-3.7071344;-38.5863498
11825;LAG - BARRA DO CEARA;SUPER LAGOA;-;Avenida Presidente Castelo Branco - de 4237 ao fim - lado, 5943;BARRA DO CEARA;FORTALEZA;-3.7025875;-38.5842344;CAIO DARLAN NASCIMENTO SILVA;11678;-3.7071344;-38.5863498
186;SUPER LAGOA - MOZART LUCENA;SUPER LAGOA;-;AVENIDA MOZART PINHEIRO DE LUCENA, 1711;VILA VELHA;FORTALEZA;-3.7184334;-38.5959135;CAIO DARLAN NASCIMENTO SILVA;11678;-3.7071344;-38.5863498
4202;CENTERBOX - JD IRACEMA;CENTERBOX;-;RUA ALBERTO DE OLIVEIRA, 1739;FLORESTA;FORTALEZA;-3.71767679;-38.57899347;CAIO DARLAN NASCIMENTO SILVA;11678;-3.7071344;-38.5863498
4803;COMETA (JOVITA FEITOSA);COMETA;-;AVENIDA JOVITA FEITOSA, 2580;PARQUELANDIA;FORTALEZA;-3.7403104;-38.5603054;SEM PROMOTOR 2;-;-;-
8900004;FRANGOLANDIA - MONTE CASTELO;FRANGOLANDIA;-;PADRE ANCHIETA, 581;MONTE CASTELO;FORTALEZA;-3.725058699999991;-38.55094759999997;SEM PROMOTOR 2;-;-;-
8900016;FRANGOLANDIA - PARQUE ARAXA;FRANGOLANDIA;-;PADRE GUERRA, 852;PARQUE ARAXA;FORTALEZA;-3.737422;-38.5517313;SEM PROMOTOR 2;-;-;-
182;CENTERBOX - PARQUELANDIA;CENTERBOX;-;RUA PROF LINO ENCARNACAO, 869;PARQUELANDIA;FORTALEZA;-3.7429477;-38.5599157;SEM PROMOTOR 2;-;-;-
9631;COMETA (PRESIDENTE KENNEDY);COMETA;-;RUA DOS FRANCESES, SN;PRESIDENTE KENNEDY;FORTALEZA;-3.7302312;-38.568373;SEM PROMOTOR 2;-;-;-
196;CENTERBOX - PANAMERICANO;CENTERBOX;-;AVENIDA JOSE BASTOS, 4400;BELA VISTA;FORTALEZA;-3.7548278;-38.5561629;SEM PROMOTOR 2;-;-;-
902;SUPER LAGOA - RODOLFO TEOFILO;SUPER LAGOA;-;RUA PROFESSOR COSTA MENDES, 2065;RODOLFO TEOFILO;FORTALEZA;-3.7468473;-38.5559982;SEM PROMOTOR 2;-;-;-
4221;PAO DE ACUCAR - BEZERRA DE MENEZES (2375);GPA;-;AVENIDA BEZERRA DE MENEZES, 1498;SAO GERARDO;FORTALEZA;-3.7335995;-38.5586262;SEM PROMOTOR 2;-;-;-
203;SUPER LAGOA - NORTH SHOPPING;SUPER LAGOA;-;AVENIDA BEZERRA DE MENEZES, 2450;SAO GERARDO;FORTALEZA;-3.7352505;-38.5662836;SEM PROMOTOR 2;-;-;-
197;PINHEIRO - PANAMERICANO;PINHEIRO;-;RUA PIAUI, 1110;DEMOCRITO ROCHA;FORTALEZA;-3.7550758;-38.5691635;SEM PROMOTOR 2;-;-;-
8900011;FRANGOLANDIA - MARAPONGA;FRANGOLANDIA;-;Av. Godofredo Maciel, 2540;MARAPONGA;FORTALEZA;-3.797637;-38.57033;PAULA CELIA MOTA GOMES;10931;-3.832637;-38.5731703
9345;COMETA (MARAPONGA);COMETA;-;AVENIDA GODOFREDO MACIEL, 1945;MARAPONGA;FORTALEZA;-3.79182527;-38.5671401;PAULA CELIA MOTA GOMES;10931;-3.832637;-38.5731703
9622;COMETA (JOAO PESSOA);COMETA;-;RUA DESEMBARGADOR PRAXEDES, 163;DAMAS;FORTALEZA;-3.7570117;-38.5530651;PAULA CELIA MOTA GOMES;10931;-3.832637;-38.5731703
8900017;FRANGOLANDIA - MONTESE;FRANGOLANDIA;-;RUA 15 DE NOVEMBRO, 340;MONTESE;FORTALEZA;-3.7687918;-38.5566308;PAULA CELIA MOTA GOMES;10931;-3.832637;-38.5731703
337;COMETA (SIQUEIRA);COMETA;-;AVENIDA GEN OSORIO DE PAIVA, 2951;VILA PERI;FORTALEZA;-3.789045;-38.5864455;PAULA CELIA MOTA GOMES;10931;-3.832637;-38.5731703
11809;COMETA (JOAO XXIII);COMETA;-;Rua Aluisio Azevedo - lado par, 86;JOQUEI CLUBE;FORTALEZA;-3.77305558;-38.57358276;PAULA CELIA MOTA GOMES;10931;-3.832637;-38.5731703
663;CENTERBOX - JOAO XXIII;CENTERBOX;-;RUA CACILDA BECKER, 270;JOAO XXIII;FORTALEZA;-3.7728856;-38.5882444;PAULA CELIA MOTA GOMES;10931;-3.832637;-38.5731703
219;SUPER LAGOA - PARANGABA;SUPER LAGOA;-;RUA GOMES BRASIL, 201;PARANGABA;FORTALEZA;-3.77391301;-38.56794475;PAULA CELIA MOTA GOMES;10931;-3.832637;-38.5731703
192;PINHEIRO - MARAPONGA;PINHEIRO;-;AVENIDA GODOFREDO MACIEL, 1152;MARAPONGA;FORTALEZA;-3.7855748;-38.5667357;PAULA CELIA MOTA GOMES;10931;-3.832637;-38.5731703
8900015;FRANGOLANDIA - MESSEJANA;FRANGOLANDIA;-;RUA MANOEL CASTELO BRANCO, 352;MESSEJANA;FORTALEZA;-3.8322624;-38.4923427;FRANCISCO BRUNO ALVES;11587;-3.7985961;-38.6016513
1006;COMETA (FREI CIRILO);COMETA;-;AVENIDA FREI CIRILO, 4027;MESSEJANA;FORTALEZA;-3.81576;-38.498;FRANCISCO BRUNO ALVES;11587;-3.7985961;-38.6016513
954;COMETA (JOAQUIM FELICIO);COMETA;-;RUA JOAQUIM FELICIO, 809;MESSEJANA;FORTALEZA;-3.8301305;-38.4875383;FRANCISCO BRUNO ALVES;11587;-3.7985961;-38.6016513
11851;CENTERBOX - CURIO;CENTERBOX;-;PROFESSOR JOSE ARTHUR DE CARVALHO, 1512;LAGOA REDONDA                                     ;FORTALEZA;-3.82637289;-38.47433135;FRANCISCO BRUNO ALVES;11587;-3.7985961;-38.6016513
212;CENTERBOX - MESSEJANA - LJ 01;CENTERBOX;-;AVENIDA FREI CIRILO, 4000;MESSEJANA;FORTALEZA;-3.8185167999999834;-38.497187800000006;FRANCISCO BRUNO ALVES;11587;-3.7985961;-38.6016513
10947;COMETA (MESSEJANA);COMETA;-;RUA WASHINGTON SOARES, 7263;MESSEJANA;FORTALEZA;-3.8194224;-38.4817816;FRANCISCO BRUNO ALVES;11587;-3.7985961;-38.6016513
11899;CENTERBOX - LAGOA REDONDA;CENTERBOX;-;AVENIDA PROFESSOR JOSE ARTHUR DE CARVALHO, 520;LAGOA REDONDA                                     ;FORTALEZA;-3.82635425;-38.47426069;FRANCISCO BRUNO ALVES;11587;-3.7985961;-38.6016513
218;LAG - MESSEJANA;SUPER LAGOA;-;RUA CORONEL GUILHERME ALENCAR, 259;MESSEJANA;FORTALEZA;-3.832713;-38.4916446;FRANCISCO BRUNO ALVES;11587;-3.7985961;-38.6016513
276;PINHEIRO - MESSEJANA;PINHEIRO;-;AVENIDA FREI CIRILO, 4290;MESSEJANA;FORTALEZA;-3.821324;-38.4962057;FRANCISCO BRUNO ALVES;11587;-3.7985961;-38.6016513
268;PINHEIRO - WASHINGTON SOARES;PINHEIRO;-;AVENIDA WASHINGTON SOARES, 10008;MESSEJANA;FORTALEZA;-3.8370287;-38.4822819;FRANCISCO BRUNO ALVES;11587;-3.7985961;-38.6016513
8971167;SUPER DO POVO - GUARARAPES;SUPER DO POVO;-;RUA ATILANO DE MOURA, 320;GUARARAPES;FORTALEZA;-3.761929;-38.4906592;GEISSY KELLY GOMES RIBEIRO;12028;-3.7986106;-38.4949103
8900012;FRANGOLANDIA - GUARARAPES;FRANGOLANDIA;-;Av. Coronel Miguel Dias, 1389;LUCIANO CAVALCANTE;FORTALEZA;-3.7703181;-38.4872714;GEISSY KELLY GOMES RIBEIRO;12028;-3.7986106;-38.4949103
1482;COMETA (JOSE LEON);COMETA;-;AVENIDA JOSE LEON, 1120;CIDADE DOS FUNCIONARIOS;FORTALEZA;-3.788527;-38.5021556;GEISSY KELLY GOMES RIBEIRO;12028;-3.7986106;-38.4949103
1025;COMETA (JULIO LIMA);COMETA;-;RUA DR JULIO LIMA, 676;CIDADE DOS FUNCIONARIOS;FORTALEZA;-3.7963404;-38.4988089;GEISSY KELLY GOMES RIBEIRO;12028;-3.7986106;-38.4949103
11879;COMETA (M ANTERO);COMETA;-;Avenida Oliveira Paiva, 1350;CIDADE DOS FUNCIONARIOS;FORTALEZA;-3.7961715;-38.4938322;GEISSY KELLY GOMES RIBEIRO;12028;-3.7986106;-38.4949103
1049;COMETA (OLIVEIRA PAIVA);COMETA;-;AVENIDA OLIVEIRA PAIVA, 1881;PARQUE MANIBURA;FORTALEZA;-3.7955192;-38.4901696;GEISSY KELLY GOMES RIBEIRO;12028;-3.7986106;-38.4949103
9346;COMETA (ED BR SOARES);COMETA;-;AVENIDA EDILSON BRASIL SOARES, 1167;SAPIRANGA;FORTALEZA;-3.7888981;-38.4759777;GEISSY KELLY GOMES RIBEIRO;12028;-3.7986106;-38.4949103
10977;CENTERBOX - PRQ IRACEMA;CENTERBOX;-;AVENIDA ENG AGRON JOSE GUIMARAES DUQUE, SN;PARQUE IRACEMA;FORTALEZA;-3.8039188;-38.4913625;GEISSY KELLY GOMES RIBEIRO;12028;-3.7986106;-38.4949103
4327;PINHEIRO - ROGACIANO LEITE;PINHEIRO;-;AVENIDA ROGACIANO LEITE, 2080;SALINAS;FORTALEZA;-3.7724462;-38.4988506;GEISSY KELLY GOMES RIBEIRO;12028;-3.7986106;-38.4949103
8975473;PINHEIRO - CAMBEBA;PINHEIRO;-;AV MINISTRO JOSE AMERICO, 284;CAMBEBA;FORTALEZA;-3.811962;-38.496844;GEISSY KELLY GOMES RIBEIRO;12028;-3.7986106;-38.4949103
3166;CENTERBOX - BERNARDO MANUEL;CENTERBOX;-;AVENIDA BERNARDO MANUEL, 10070;DENDE;FORTALEZA;-3.8071766;-38.555096;ANA PAULA MARQUES SALES;11868;-3.8313744;-38.5760246
874;COMETA (JOAO CARLOS);COMETA;-;RUA GOVERNADOR JOAO CARLOS, 858;SERRINHA;FORTALEZA;-3.782635;-38.5538401;ANA PAULA MARQUES SALES;11868;-3.8313744;-38.5760246
1043;COMETA (SERRINHA);COMETA;-;AVENIDA DR SILAS MUNGUBA, 2965;SERRINHA;FORTALEZA;-3.787502;-38.547114;ANA PAULA MARQUES SALES;11868;-3.8313744;-38.5760246
8900001;FRANGOLANDIA - ITAPERI;FRANGOLANDIA;-;AV BERNARDO MANUEL, 8314;ITAPERI;FORTALEZA;-3.791909099999998;-38.549750700000004;ANA PAULA MARQUES SALES;11868;-3.8313744;-38.5760246
8971163;SUPER DO POVO - PASSARE;SUPER DO POVO;-;RUA XII, 200;PASSARE;FORTALEZA;-3.7930876;-38.5335303;ANA PAULA MARQUES SALES;11868;-3.8313744;-38.5760246
9487;MEGA - MESSEJANA;FRANGOLANDIA;-;AVENIDA FREI CIRILO, 3270;CAJAZEIRAS;FORTALEZA;-3.8139469;-38.4994049;ANA PAULA MARQUES SALES;11868;-3.8313744;-38.5760246
8971165;SUPER DO POVO - CAMBEBA;SUPER DO POVO;-;AVENIDA MINISTRO JOSE AMERICO, 709;CAMBEBA;FORTALEZA;-3.8101342;-38.4938184;ANA PAULA MARQUES SALES;11868;-3.8313744;-38.5760246
9602;COMETA (PASSARE);COMETA;-;AVENIDA DR SILAS MUNGUBA, 4301;SERRINHA;FORTALEZA;-3.79093331;-38.53740405;ANA PAULA MARQUES SALES;11868;-3.8313744;-38.5760246
557;SUPER LAGOA - CAMBEBA;SUPER LAGOA;-;AVENIDA PEDRO LAZAR, 877;CAMBEBA;FORTALEZA;-3.8031077;-38.4883564;ANA PAULA MARQUES SALES;11868;-3.8313744;-38.5760246
879;SUPER LAGOA - PASSARE;SUPER LAGOA;-;AVENIDA DR. SILAS MUNGUBA, 6161;PASSARE;FORTALEZA;-3.8008318;-38.5299942;ANA PAULA MARQUES SALES;11868;-3.8313744;-38.5760246
9342;LAG - MONDUBIM;SUPER LAGOA;-;AVENIDA BERNARDO MANUEL, 11000;MONDUBIM;FORTALEZA;-3.8165367;-38.557137;MARIANA MARTINS MOURA;10930;-3.834628;-38.5733811
11733;MATEUS - JOSE WALTER;MIX MATEUS;-;Avenida Presidente Costa e Silva, 2646;BARROSO;FORTALEZA;-3.8209103;-38.558905;MARIANA MARTINS MOURA;10930;-3.834628;-38.5733811
8971164;SUPER DO POVO - PARQUE DOIS IRMAOS;SUPER DO POVO;-;RUA G , 200;PARQUE DOIS IRMAOS;FORTALEZA;-3.8211125;-38.5562854;MARIANA MARTINS MOURA;10930;-3.834628;-38.5733811
8971161;SUPER DO POVO - PREF JOSE WALTER;SUPER DO POVO;-;Av. Joao de Araujo Lima, 1092;PREFEITO JOSE WALTER;fortaleza;-3.8314092000000244;-38.560540300000014;MARIANA MARTINS MOURA;10930;-3.834628;-38.5733811
1034;COMETA (PREF JOSE WALTER);COMETA;-;Av.Joao de Araujo Lima, 1042;PREFEITO JOSE WALTER;FORTALEZA;-3.831048;-38.5599465;MARIANA MARTINS MOURA;10930;-3.834628;-38.5733811
9635;MATEUS - MARACANAU;MIX MATEUS;-;AV. Dr.  MENDEL STEINBRUCH, 14618;PAJUCARA;MARACANAU;-3.8791507;-38.5961394;LARYSSA KELVIN DA SILVA MENDES MARTINS;11679;-3.8267712;-38.5302017
10948;COMETA (MONDUBIM);COMETA;-;AVENIDA GODOFREDO MACIEL, 4035;MONDUBIM;FORTALEZA;-3.81050075;-38.57394099;LARYSSA KELVIN DA SILVA MENDES MARTINS;11679;-3.8267712;-38.5302017
1011;COMETA (MARACANAU);COMETA;-;RUA CAP VALDEMAR DE LIMA, 140;BOA VISTA;MARACANAU;-3.8819005;-38.62523;LARYSSA KELVIN DA SILVA MENDES MARTINS;11679;-3.8267712;-38.5302017
8900002;FRANGOLANDIA - MARACANAU;FRANGOLANDIA;-;RUA CAP VALDEMAR DE LIMA, 71;CENTRO;MARACANAU;-3.8802888;-38.6246732;LARYSSA KELVIN DA SILVA MENDES MARTINS;11679;-3.8267712;-38.5302017
225;PINHEIRO - MONDUBIM;PINHEIRO;-;AVENIDA GODOFREDO MACIEL, 4000;MONDUBIM;FORTALEZA;-3.8098495;-38.5743582;LARYSSA KELVIN DA SILVA MENDES MARTINS;11679;-3.8267712;-38.5302017
11622;MATEUS - CAUCAIA;MIX MATEUS;-;Av. Dom Almeida Lustosa, 1989;PARQUE GUADALAJARA (JUREMA);CAUCAIA;-3.7614286;-38.6164187;HENRIQUE PONCE LEON ARARUNA;11956;-3.7186695;-38.6013212
8971162;SUPER DO POVO - CONJUNTO CEARA;SUPER DO POVO;-;AVENIDA A, 800;CONJUNTO CEARA;FORTALEZA;-3.7694439;-38.6045471;HENRIQUE PONCE LEON ARARUNA;11956;-3.7186695;-38.6013212
11595;CENTERBOX - VITAL BRASIL;CENTERBOX;-;Rua Vital Brasil, 2109;GRANJA PORTUGAL;FORTALEZA;-3.7778234;-38.5996309;HENRIQUE PONCE LEON ARARUNA;11956;-3.7186695;-38.6013212
9586;CENTERBOX - ATACAREJO;CENTERBOX;-;RUA SARGENTO JOAO PINHEIRO, 610;GRANJA LISBOA;FORTALEZA;-3.7807157;-38.6223482;HENRIQUE PONCE LEON ARARUNA;11956;-3.7186695;-38.6013212
8971166;SUPER DO POVO - JUREMA;SUPER DO POVO;-;AVENIDA SAO VICENTE DE PAULA, 101;JUREMA;CAUCAIA;-3.7738473;-38.6282389;HENRIQUE PONCE LEON ARARUNA;11956;-3.7186695;-38.6013212
10758;MATEUS - MARANGUAPE;MIX MATEUS;-;Av. Cmte. Aviador Childerico Mota, 1606;TANGUEIRA;MARANGUAPE;-3.89666198;-38.67373332;ANDERSON ABREU DA SILVA;11108;-3.8283104;-38.6082298
172;CENTERBOX - PRQ SAO JOSE;CENTERBOX;-;RUA CONEGO DE CASTRO, 3918;PARQUE SAO JOSE;FORTALEZA;-3.8005057;-38.5884794;ANDERSON ABREU DA SILVA;11108;-3.8283104;-38.6082298
1004;COMETA (WALDIR DIOGO);COMETA;-;RUA WALDIR DIOGO, 1138;NOVO MONDUBIM;FORTALEZA;-3.8009513;-38.586656;ANDERSON ABREU DA SILVA;11108;-3.8283104;-38.6082298
2351;COMETA (OSORIO DE PAIVA);COMETA;-;AVENIDA OSORIO DE PAIVA, 6554;SIQUEIRA;FORTALEZA;-3.8109052;-38.6092229;ANDERSON ABREU DA SILVA;11108;-3.8283104;-38.6082298
8975472;PINHEIRO - MARANGUAPE;PINHEIRO;-;RUA CHICO ANISIO, 200;CENTRO;MARANGUAPE;-3.894516;-38.682205;ANDERSON ABREU DA SILVA;11108;-3.8283104;-38.6082298
10756;MATEUS - HENRIQUE JORGE;MIX MATEUS;-;RUA SENADOR FERNANDES TAVORA, 2100;DOM LUSTOSA;FORTALEZA;-3.7571595;-38.5906104;GABRIEL BENEVALDO FEITOSA;11022;-3.7503331;-38.6014873
976;COMETA (HENRIQUE JORGE);COMETA;-;AVENIDA SEN FERNANDES TAVORA, 1526;HENRIQUE JORGE;FORTALEZA;-3.7597205;-38.586143;GABRIEL BENEVALDO FEITOSA;11022;-3.7503331;-38.6014873
548;COMETA (MATOS DOURADO);COMETA;-;RUA CEL MATOS DOURADO, 1280;DOM LUSTOSA;FORTALEZA;-3.7498338;-38.5846885;GABRIEL BENEVALDO FEITOSA;11022;-3.7503331;-38.6014873
8971160;SUPER DO POVO - HENRIQUE JORGE;SUPER DO POVO;-;R. Prof. Edgard de Arruda, 1050;HENRIQUE JORGE;FORTALEZA;-3.7580958;-38.5843396;GABRIEL BENEVALDO FEITOSA;11022;-3.7503331;-38.6014873
862;CENTERBOX - PRQ GENIBAU;CENTERBOX;-;RUA JOSE MENDONCA, 690;PARQUE GENIBAU;FORTALEZA;-3.7566112;-38.6024185;GABRIEL BENEVALDO FEITOSA;11022;-3.7503331;-38.6014873
3486;CENTERBOX - MESSEJANA - LJ 02;CENTERBOX;-;AVENIDA JORNALISTA TOMAZ COELHO, 1661;BARROSO;FORTALEZA;-3.8301005;-38.5097094;JOAO MAKSON SA DE OLIVEIRA;12053;-3.9754322;-38.5898747
8900008;FRANGOLANDIA - EUSEBIO;FRANGOLANDIA;-;EUSEBIO DE QUEIROZ, 1890;TAMATANDUBA;FORTALEZA;-3.8704983;-38.4675121;JOAO MAKSON SA DE OLIVEIRA;12053;-3.9754322;-38.5898747
9347;COMETA (EUSEBIO);COMETA;-;AVENIDA EUSEBIO DE QUEIROZ, 2880;COITE;EUSEBIO;-3.8795207;-38.4613795;JOAO MAKSON SA DE OLIVEIRA;12053;-3.9754322;-38.5898747
11946;CENTERBOX - PARQUE SANTA MARIA;CENTERBOX;-;RUA JOSÉ MOREIRA, 670 ;PARQUE SANTA MARIA;FORTALEZA;-3.8573702;-38.5025713;JOAO MAKSON SA DE OLIVEIRA;12053;-3.9754322;-38.5898747
11896;CENTERBOX - PARQUE DOM PEDRO;CENTERBOX;-;I (CONJUNTO PARQUE DOM PEDRO), 237;PARQUE DOM PEDRO                                  ;ITAITINGA;-3.908081;-38.5107093;JOAO MAKSON SA DE OLIVEIRA;12053;-3.9754322;-38.5898747
11895;CENTERBOX - PEDRAS;CENTERBOX;-;RUA JORGE FIGUEIREDO, 1500;PEDRAS                                            ;FORTALEZA;-3.8937167;-38.5147728;JOAO MAKSON SA DE OLIVEIRA;12053;-3.9754322;-38.5898747
11898;CENTERBOX - VALPARAISO;CENTERBOX;-;RUA VALPARAISO, 825;JANGURUSSU                                        ;FORTALEZA;-3.8491659;-38.5120355;JOAO MAKSON SA DE OLIVEIRA;12053;-3.9754322;-38.5898747
10722;PINHEIRO - PORTO DAS DUNAS;PINHEIRO;-;III ETAPA TERRENO A QUADRA, 37;PORTO DAS DUNAS;AQUIRAZ;-3.8498382830873665;-38.396320939064026;JOAO MAKSON SA DE OLIVEIRA;12053;-3.9754322;-38.5898747
8900019;FRANGOLANDIA - MOLINA;FRANGOLANDIA;-;AV. WASHINGTON SOARES, 4040;PARQUE MANIBURA;FORTALEZA;-37929617;-384806392;SEM PROMOTOR 1;-;-;-
8900018;FRANGOLANDIA - COSTA BARROS;FRANGOLANDIA;-;RUA COSTA BARROS, 1270;ALDEOTA;FORTALEZA;-3.730295;-38.512375;MAX FELIX MONTEIRO;11023;-3.732888;-38.5031309
193;EXITO - MONTE CASTELO;REDE UNIFORÇA;ÊXITO;RUA BARAO DO CRATO, 1041, PRESIDENTE KENNEDY, FORTALEZA;PRESIDENTE KENNEDY;FORTALEZA;-3.7211932;-38.5583364;RAFAEL GOMES FELIX;11053;-3.7463125;-38.5938282
348;COMPREMAX - SGT HERMINIO;REDE PARCERIA;COMPRE MAX;AVENIDA SARGENTO HERMINIO SAMPAIO, 4200, MONTE CASTELO, FORTALEZA;MONTE CASTELO;FORTALEZA;-3.730684;-38.5773564;RAFAEL GOMES FELIX;11053;-3.7463125;-38.5938282
368;SUPER PORTUGAL - TAUAPE;REDE PARCERIA;SUPER PORTUGAL;RUA MONSENHOR SALAZAR, 928, SAO JOAO DO TAUAPE, FORTALEZA;SAO JOAO DO TAUAPE;FORTALEZA;-3.7560405;-38.5114051;RAFAEL GOMES FELIX;11053;-3.7463125;-38.5938282
830;CANTINHO DAS FRUTAS - JACARECANGA;REDE UNIFORÇA;SUPER DA BARRA;AVENIDA PRESIDENTE CASTELO BRANCO, 4763, JACARECANGA, FORTALEZA;JACARECANGA;FORTALEZA;-3.706231;-38.5746142;RAFAEL GOMES FELIX;11053;-3.7463125;-38.5938282
840;CANTINHO DAS FRUTAS - PIRAMBU;REDE UNIFORÇA;CANTINHO DAS FRUTAS;RUA DOM QUINTINO, 323, PIRAMBU, FORTALEZA;PIRAMBU;FORTALEZA;-3.7128686;-38.5486857;RAFAEL GOMES FELIX;11053;-3.7463125;-38.5938282
898;SANTA EDWIGES - JD GUANABARA - LJ 01;REDE UNIFORÇA;SANTA EDWIRGES;AVENIDA HILDEBRANDO DE MELO, 1849, QUINTINO CUNHA, FORTALEZA;QUINTINO CUNHA;FORTALEZA;-3.724937699999998;-38.58901149999997;RAFAEL GOMES FELIX;11053;-3.7463125;-38.5938282
2990;BARATAO - ALVARO WEYNE;REDE UNIFORÇA;BARATÃO;AVENIDA DOUTOR THEBERGE, 538, ALVARO WEYNE, FORTALEZA;ALVARO WEYNE;FORTALEZA;-3.7086442;-38.563186;RAFAEL GOMES FELIX;11053;-3.7463125;-38.5938282
3584;SANTA EDWIGES - JD GUANABARA - LJ 02;REDE UNIFORÇA;SANTA EDWIRGES;RUA ROSINHA SAMPAIO, 1150, JARDIM GUANABARA, FORTALEZA;JARDIM GUANABARA;FORTALEZA;-3.7265014;-38.5888214;RAFAEL GOMES FELIX;11053;-3.7463125;-38.5938282
3968;LAREDO - CENTRO;-;LAREDO;RUA TERESA CRISTINA, 1177, CENTRO, FORTALEZA;CENTRO;FORTALEZA;-3.7309369;-38.5376384;RAFAEL GOMES FELIX;11053;-3.7463125;-38.5938282
10749;SUPER LUA - PROF MURILO;REDE PARCERIA;SUPER LUA;RUA PROFESSOR MURILO SILVEIRA, 189, VICENTE PINZON, FORTALEZA;VICENTE PINZON;FORTALEZA;-3.7239459;-38.4633974;RAFAEL GOMES FELIX;11053;-3.7463125;-38.5938282
10978;SUPER PORTUGAL - JOAQUIM TAVORA;REDE PARCERIA;SUPER PORTUGAL;RUA SORIANO ALBUQUERQUE, 605, JOAQUIM TAVORA, FORTALEZA;JOAQUIM TAVORA;FORTALEZA;-3.74863598;-38.51500582;RAFAEL GOMES FELIX;11053;-3.7463125;-38.5938282
11912;SUPER GENTILANDIA - BENFICA;REDE POUPE MAX;SUPER GENTILANDIA;RUA BARÃO DO  RIO BRANCO, 2320, CENTRO, FORTALEZA;CENTRO;FORTALEZA;-3.73839532;-38.53222215;RAFAEL GOMES FELIX;11053;-3.7463125;-38.5938282
151;COMPREMAX - MISTER HULL;REDE PARCERIA;COMPRE MAX;AVENIDA MISTER HULL, 5380, ANTONIO BEZERRA, FORTALEZA;ANTONIO BEZERRA;FORTALEZA;-3.7392121;-38.5924565;RAFAEL GOMES FELIX;11053;-3.7463125;-38.5938282
11455;SUPER GENTILANDIA - BENFICA;REDE POUPE MAX;SUPER GENTILANDIA;WALDERY UCHOA, 436, BENFICA, FORTALEZA;BENFICA;FORTALEZA;-3.7452177;-38.5401106;RAFAEL GOMES FELIX;11053;-3.7463125;-38.5938282
811;SUPER UCHOA - LJ 02;REDE UNIFORÇA;UCHOA;RUA JOAO SORONGO, 310, JARDIM AMERICA, FORTALEZA;JARDIM AMERICA;FORTALEZA;-3.7517869;-38.542321;RAFAEL GOMES FELIX;11053;-3.7463125;-38.5938282
4786;OFERTASSO - VILA UNIAO;-;OFERTASSO;RUA TERTULIANO SALES, 87, PARREAO, FORTALEZA;PARREAO;FORTALEZA;-3.7605694;-38.5306391;RAFAEL GOMES FELIX;11053;-3.7463125;-38.5938282
181;SUPER CAUCAIA - LJ 01;-;SUPERMERCADO BAHAMAS;RUA CORONEL CORREIA, 1985, CENTRO, CAUCAIA;CENTRO;CAUCAIA;-3.73546304;-38.65846975;LUCAS RODRIGUES SATIRO DE OLIVEIRA;11617;-3.7588237;-38.6614319
239;SUPER CAUCAIA - LJ 02;-;SUPERMERCADO BAHAMAS;EDSON MOTA CORREIA, 533, CENTRO, CAUCAIA;CENTRO;CAUCAIA;-3.7342526;-38.65836087;LUCAS RODRIGUES SATIRO DE OLIVEIRA;11617;-3.7588237;-38.6614319
595;MERCADINHO JALS;REDE INTEGRADA;MERCADINHO JALS;RUA 345, SN, NOVA METROPOLE, CAUCAIA;NOVA METROPOLE;CAUCAIA;-3.7691711;-38.6569162;LUCAS RODRIGUES SATIRO DE OLIVEIRA;11617;-3.7588237;-38.6614319
1230;VITORIA REAL;REDE UNIFORÇA;VITÓRIA REAL;RUA 337, 130, NOVA METROPOLE, CAUCAIA;NOVA METROPOLE;CAUCAIA;-3.771637;-38.6552766;LUCAS RODRIGUES SATIRO DE OLIVEIRA;11617;-3.7588237;-38.6614319
1450;SUPERMERCADO MAR & SOL;REDE POUPE MAX;SUPERMERCADO MAR & SOL;AVENIDA CENTRAL, 5452, ICARAI, CAUCAIA;ICARAI;CAUCAIA;-3.67349324;-38.66970537;LUCAS RODRIGUES SATIRO DE OLIVEIRA;11617;-3.7588237;-38.6614319
2240;SUPER CUMBUCO - CUMBUCO - LJ 01;REDE POUPE MAX;SUPER CUMBUCO;RUA ALMIRANTE SOARES DUTRA, 33, CUMBUCO, CAUCAIA;CUMBUCO;CAUCAIA;-3.625908;-38.7283622;LUCAS RODRIGUES SATIRO DE OLIVEIRA;11617;-3.7588237;-38.6614319
2365;SUPERMERCADO SUPER DIKA;REDE POUPE MAX;SUPER DIKA;RUA VINTE E QUATRO DE JANEIRO, 138, CIGANA, CAUCAIA;CIGANA;CAUCAIA;-3.741646;-38.659527;LUCAS RODRIGUES SATIRO DE OLIVEIRA;11617;-3.7588237;-38.6614319
2368;SUPERMERCADO MFC LTDA;REDE PARCERIA;RMC/MFC;RUA W 18, 185, ARATURI, CAUCAIA;ARATURI;CAUCAIA;-3.7658119;-38.6401267;LUCAS RODRIGUES SATIRO DE OLIVEIRA;11617;-3.7588237;-38.6614319
3771;SUPER MOBYDICK;-;SUPER MOBYDICK;AVENIDA CENTRAL, 5450, ICARAI, CAUCAIA;ICARAI;CAUCAIA;-3.6738192;-38.6693582;LUCAS RODRIGUES SATIRO DE OLIVEIRA;11617;-3.7588237;-38.6614319
4089;COMPREMAX - METROPOLE;REDE PARCERIA;COMPRE MAX;AVENIDA NOVA METROPOLE LADO, 137, ARIANOPOLIS, CAUCAIA;ARIANOPOLIS;CAUCAIA;-3.765584;-38.6556327;LUCAS RODRIGUES SATIRO DE OLIVEIRA;11617;-3.7588237;-38.6614319
4381;COMPREMAX - OFERTAO MAX;REDE PARCERIA;COMPRE MAX;RUA PRESIDENTE GETULIO VARGAS, 8, CENTRO, CAUCAIA;CENTRO;CAUCAIA;-3.7292822;-38.6561383;LUCAS RODRIGUES SATIRO DE OLIVEIRA;11617;-3.7588237;-38.6614319
9295;PARA TY - ICARAI;REDE UNIFORÇA;PARA TY;AVENIDA CENTRAL, 10, ICARAI, CAUCAIA;ICARAI;CAUCAIA;-3.67554656;-38.66738313;LUCAS RODRIGUES SATIRO DE OLIVEIRA;11617;-3.7588237;-38.6614319
9296;SUPER CUMBUCO - CAUCAIA - LJ 02;REDE POUPE MAX;SUPER CUMBUCO;AVENIDA CENTRAL, 2946, TABUBA, CAUCAIA;TABUBA;CAUCAIA;-3.6407562992756084;-38.704284188424765;LUCAS RODRIGUES SATIRO DE OLIVEIRA;11617;-3.7588237;-38.6614319
9595;CRIS ATACADISTA;-;CRIS ATACADISTA;RUA CORONEL CORREA, 1049, PARQUE SOLEDADE, CAUCAIA;PARQUE SOLEDADE;CAUCAIA;-3.736915;-38.6502819;LUCAS RODRIGUES SATIRO DE OLIVEIRA;11617;-3.7588237;-38.6614319
11163;COMPREMAX - ICARAI;REDE PARCERIA;COMPRE MAX;AVENIDA CENTRAL, 1369, ICARAI, CAUCAIA;ICARAI;CAUCAIA;-3.6725051;-38.6709738;LUCAS RODRIGUES SATIRO DE OLIVEIRA;11617;-3.7588237;-38.6614319
11268;PASSAKI - CAUCAIA;-;LAREDO;RUA JERONIMO AMARAL, 346, CENTRO, CAUCAIA;CENTRO;CAUCAIA;-3.733599;-38.656991;LUCAS RODRIGUES SATIRO DE OLIVEIRA;11617;-3.7588237;-38.6614319
11844;COMPREMAX - CONJ NOVA METROPOLE;REDE PARCERIA;COMPRE MAX;AVENIDA A, 782, NOVA METROPOLE, CAUCAIA;NOVA METROPOLE;CAUCAIA;-3.7694546;-38.6543381;LUCAS RODRIGUES SATIRO DE OLIVEIRA;11617;-3.7588237;-38.6614319
317;EXITO - PRQ POTIRA II;REDE UNIFORÇA;ÊXITO;RUA TORREON, 1983, PARQUE GUADALAJARA (JUREMA), CAUCAIA;PARQUE GUADALAJARA (JUREMA);CAUCAIA;-3.7572988;-38.6366358;LUCAS RODRIGUES SATIRO DE OLIVEIRA;11617;-3.7588237;-38.6614319
9597;VITORIANO - E F LUNA;REDE INTEGRADA;-;RUA PADRE JOAO PIAMARTA, 599, PARREAO, FORTALEZA;PARREAO;FORTALEZA;-3.7603291;-38.5423981;SEM PROMOTOR 1;;-;-
4227;ANALI - PANAMERICANO;REDE PARCERIA;ANALI;RUA RIO GRANDE DO SUL, 852, DEMOCRITO ROCHA, FORTALEZA;DEMOCRITO ROCHA;FORTALEZA;-3.755808;-38.5661829;SEM PROMOTOR 1;;-;-
719;EXITO - PRQ ALBANO;REDE UNIFORÇA;ÊXITO;AVENIDA DOM ALMEIDA LUSTOSA, 1780, PARQUE ALBANO, CAUCAIA;PARQUE ALBANO;CAUCAIA;-3.7594355;-38.6163545;SEM PROMOTOR 1;;-;-
2279;EXITO - ACAPULCO;REDE UNIFORÇA;ÊXITO;RUA ACAPULCO, 1360, PARQUE GUADALAJARA (JUREMA), CAUCAIA;PARQUE GUADALAJARA (JUREMA);CAUCAIA;-3.7586939999999913;-38.625414999999975;SEM PROMOTOR 1;;-;-
931;MERCADINHO RAIMUNDINHO;REDE INTEGRADA;SUPER PRECO BOM;AVENIDA DOM ALMEIDA LUSTOSA, 2772, JUREMA, CAUCAIA;JUREMA;CAUCAIA;-3.766361;-38.6211393;SEM PROMOTOR 1;;-;-
11412;MIRELLY - CONJ CEARA;REDE PARCERIA;MIRELLY;AVENIDA F, 422, CONJUNTO CEARA, FORTALEZA;CONJUNTO CEARA;FORTALEZA;-3.7577692;-38.6103833;SEM PROMOTOR 1;;-;-
658;BRASILEIRO - RODOLFO TEOFILO;-;BRASILEIRO;RUA MONSENHOR FURTADO, 1000, RODOLFO TEOFILO, FORTALEZA;RODOLFO TEOFILO;FORTALEZA;-3.7466084;-38.5504447;SEM PROMOTOR 1;;-;-
677;SUPER UCHOA - LJ 01;REDE UNIFORÇA;UCHOA;RUA ANDRE CHAVES, 612, JARDIM AMERICA, FORTALEZA;JARDIM AMERICA;FORTALEZA;-3.7541549;-38.5454548;SEM PROMOTOR 1;;-;-
11354;SUPER UCHOA - LJ 03;REDE UNIFORÇA;UCHOA;RUA DELMIRO DE FARIAS, 1119, DAMAS, FORTALEZA;DAMAS;FORTALEZA;-3.74915302;-38.54881098;SEM PROMOTOR 1;;-;-
251;MERC PINHEIRO E CARNEIRO;REDE UNIFORÇA;PINHEIRO E CARNEIRO;RUA SILVEIRA FILHO, 1135, JOQUEI CLUBE, FORTALEZA;JOQUEI CLUBE;FORTALEZA;-3.7759137;-38.5788541;SEM PROMOTOR 1;;-;-
620;SUPER PORTUGAL - VILA PERI;REDE PARCERIA;SUPER PORTUGAL;RUA MIRTES ROCHA, 74, VILA PERI, FORTALEZA;VILA PERI;FORTALEZA;-3.7802372;-38.5784333;SEM PROMOTOR 1;;-;-
715;EXITO - PRQ POTIRA III;REDE UNIFORÇA;ÊXITO;RUA TORREON, 245, PARQUE GUADALAJARA (JUREMA), CAUCAIA;PARQUE GUADALAJARA (JUREMA);CAUCAIA;-3.7675328;-38.6248234;SEM PROMOTOR 1;;-;-
803;LAREDO - GENIBAU;-;LAREDO;RUA PORTO DAS ROSAS, 1150, GENIBAU, FORTALEZA;GENIBAU;FORTALEZA;-3.7568315;-38.6015247;SEM PROMOTOR 1;;-;-
9316;ANALI - JOQUEI CLUBE;REDE PARCERIA;ANALI;AVENIDA CARNEIRO DE MENDONCA, 1797, JOQUEI CLUBE, FORTALEZA;JOQUEI CLUBE;FORTALEZA;-3.7606383;-38.5744964;SEM PROMOTOR 1;;-;-
611;SUPER PORTUGAL - MARAPONGA;REDE PARCERIA;SUPER PORTUGAL;RUA PRIMEIRO DE JANEIRO, 955, PARANGABA, FORTALEZA;PARANGABA;FORTALEZA;-3.7842908;-38.5691114;SEM PROMOTOR 1;;-;-
718;COMPREMAX - JUREMA;REDE PARCERIA;COMPRE MAX;AVENIDA DOM ALMEIDA LUSTOSA, 3840, PARQUE ALBANO, CAUCAIA;PARQUE ALBANO;CAUCAIA;-3.7732108;-38.6271745;SEM PROMOTOR 1;;-;-
884;SUPER PORTUGAL - CIDADE DOS FUNC;REDE PARCERIA;SUPER PORTUGAL;AVENIDA JOSE LEON, 1852, CIDADE DOS FUNCIONARIOS, FORTALEZA;CIDADE DOS FUNCIONARIOS;FORTALEZA;-3.7898475;-38.4952833;STENIO DOUGLAS GOMES DE SOUZA;11753;-3.8128273;-38.51970440000000
2807;SUPER PORTUGAL - SERRINHA;REDE PARCERIA;SUPER PORTUGAL;RUA MONTEVIDEU, 200, SERRINHA, FORTALEZA;SERRINHA;FORTALEZA;-3.7868975;-38.5438315;STENIO DOUGLAS GOMES DE SOUZA;11753;-3.8128273;-38.51970440000000
3078;SUPERMERCADO IRMAO GEMEOS - LJ 01;REDE INTEGRADA;IRMAOS GEMEOS;RUA NOVE, 4651, PASSARE, FORTALEZA;PASSARE;FORTALEZA;-3.8169319;-38.5317203;STENIO DOUGLAS GOMES DE SOUZA;11753;-3.8128273;-38.51970440000000
3776;OFERTASSO - CONJ PALMEIRAS;-;OFERTASSO;RUA SILVINHA TELES, 709, CONJUNTO PALMEIRAS, FORTALEZA;CONJUNTO PALMEIRAS;FORTALEZA;-3.8471524;-38.5283154;STENIO DOUGLAS GOMES DE SOUZA;11753;-3.8128273;-38.51970440000000
4028;LAREDO - MESSEJANA;-;LAREDO;RUA CESARIO LANGE, 57, MESSEJANA, FORTALEZA;MESSEJANA;FORTALEZA;-3.829813707466485;-38.49079305170312;STENIO DOUGLAS GOMES DE SOUZA;11753;-3.8128273;-38.51970440000000
5158;SUPERMERCADO IRMAO GEMEOS - LJ 03;REDE INTEGRADA;IRMAOS GEMEOS;RUA PROFESSOR JOSE SILVEIRA, 1687, PASSARE, FORTALEZA;PASSARE;FORTALEZA;-3.8090825;-38.524932;STENIO DOUGLAS GOMES DE SOUZA;11753;-3.8128273;-38.51970440000000
5192;R CENTER - PAUPINA;REDE UNIFORÇA;R CENTER;RUA BARAO DE AQUIRAZ, 1098, PAUPINA, FORTALEZA;PAUPINA;FORTALEZA;-3.8383087;-38.4875814;STENIO DOUGLAS GOMES DE SOUZA;11753;-3.8128273;-38.51970440000000
11219;MAE RAINHA - ITAITINGA;REDE PARCERIA;MAE RAINHA;RUA RODOLFO PEREIRA CAVALCANTE, 155, CENTRO, ITAITINGA;CENTRO;ITAITINGA;-3.9728608;-38.5299243;STENIO DOUGLAS GOMES DE SOUZA;11753;-3.8128273;-38.51970440000000
11669;MERCADAO TEND TUDO - LAGOA REDONDA;REDE PARCERIA;MERCADAO TEND TUDO;RUA NELSON COELHO, 665, LAGOA REDONDA, FORTALEZA;LAGOA REDONDA;FORTALEZA;-3.8308135;-38.4623759;STENIO DOUGLAS GOMES DE SOUZA;11753;-3.8128273;-38.51970440000000
11743;SUPER PORTUGAL- SAPIRANGA;REDE PARCERIA;SUPER PORTUGAL;AVENIDA CONSELHEIRO GOMES DE FREITAS, 03575, SAPIRANGA, FORTALEZA;SAPIRANGA;FORTALEZA;-3.7951287;-38.4744367;STENIO DOUGLAS GOMES DE SOUZA;11753;-3.8128273;-38.51970440000000
11802;SEMPRE AKI - LJ01;REDE PARCERIA;SEMPRE AKI;RUA CRISTAIS PAULISTA, 424, PASSARE, FORTALEZA;PASSARE;FORTALEZA;-3.8186253;-38.5228032;STENIO DOUGLAS GOMES DE SOUZA;11753;-3.8128273;-38.51970440000000
11803;SEMPRE AKI - LJ02;REDE PARCERIA;SEMPRE AKI;AVENIDA CASTELO DE CASTRO, 779, JANGURUSSU, FORTALEZA;JANGURUSSU;FORTALEZA;-3.8364647;-38.5215115;STENIO DOUGLAS GOMES DE SOUZA;11753;-3.8128273;-38.51970440000000
11804;SEMPRE AKI - LJ03;REDE PARCERIA;SEMPRE AKI;AVENIDA JUSCELINO KUBITSCHEK - DE 1 AO FIM, 3759, PASSARE, FORTALEZA;PASSARE;FORTALEZA;-3.8168436;-38.5321687;STENIO DOUGLAS GOMES DE SOUZA;11753;-3.8128273;-38.51970440000000
4057;OFERTASSO - JOSE WALTER;-;OFERTASSO;AVENIDA I, 1001, PREFEITO JOSE WALTER, FORTALEZA;PREFEITO JOSE WALTER;FORTALEZA;-3.8335465;-38.5527048;STENIO DOUGLAS GOMES DE SOUZA;11753;-3.8128273;-38.51970440000000
10752;POPULAR ATACADISTA;-;POPULAR ATACADISTA;RUA FRANCISCA MARIA DA CONCEICAO, 1545, PLANALTO AYRTON SENNA, FORTALEZA;PLANALTO AYRTON SENNA;FORTALEZA;-3.8361488;-38.5733762;STENIO DOUGLAS GOMES DE SOUZA;11753;-3.8128273;-38.51970440000000
153;SUPER PORTUGAL - BRAGANCA;REDE PARCERIA;SUPER PORTUGAL;RUA BRAGANCA, 874, GRANJA PORTUGAL, FORTALEZA;GRANJA PORTUGAL;FORTALEZA;-3.7807835;-38.5966741;SEM PROMOTOR 2;;-;-
284;SAO FRANCISCO - MATRIZ LJ 01;MAX REDE;SUPER SAO FRANCISCO;RUA MARTINS CARVALHO, 861, BOM JARDIM, FORTALEZA;BOM JARDIM;FORTALEZA;-3.7966519;-38.6007377;SEM PROMOTOR 2;;-;-
646;ANALI - GRANJA LISBOA;REDE PARCERIA;ANALI;RUA SARGENTO JOAO PINHEIRO, 1740, GRANJA LISBOA, FORTALEZA;GRANJA LISBOA;FORTALEZA;-3.7873709;-38.6241436;SEM PROMOTOR 2;;-;-
1967;SAO FRANCISCO - FILIAL LJ 02;MAX REDE;SUPER SAO FRANCISCO;RUA GUSTAVO BARROSO, 663, BOM JARDIM, FORTALEZA;BOM JARDIM;FORTALEZA;-3.7865803;-38.597958;SEM PROMOTOR 2;;-;-
9318;SAO FRANCISCO - FILIAL LJ 03;MAX REDE;SUPER SAO FRANCISCO;RUA OSCAR FRANCA, 2258, GRANJA LISBOA, FORTALEZA;GRANJA LISBOA;FORTALEZA;-3.7881105;-38.610719;SEM PROMOTOR 2;;-;-
9319;SUPER PORTUGAL - VITAL BRASIL;REDE PARCERIA;SUPER PORTUGAL;RUA VITAL BRASIL, 1916, GRANJA PORTUGAL, FORTALEZA;GRANJA PORTUGAL;FORTALEZA;-3.777836;-38.597821;SEM PROMOTOR 2;;-;-
11037;SUPERMERCADO CRISOSTOMO - LJ 02;REDE INTEGRADA;CRISOSTOMO;JOSE TORRES, 800, GRANJA LISBOA, FORTALEZA;GRANJA LISBOA;FORTALEZA;-3.7905401;-38.6156724;SEM PROMOTOR 2;;-;-
631;MIRELLY - PRQ SANTA ROSA;REDE PARCERIA;MIRELLY;RUA FRANCISCO ALMEIDA, 552, PARQUE SANTA ROSA, FORTALEZA;PARQUE SANTA ROSA;FORTALEZA;-3.819381;-38.5925385;SEM PROMOTOR 2;;-;-
762;R CENTER - PRQ SANTA ROSA;REDE UNIFORÇA;R CENTER;RUA CONEGO DE CASTRO, 5531, PARQUE SANTA ROSA, FORTALEZA;PARQUE SANTA ROSA;FORTALEZA;-3.8119541;-38.5972122;SEM PROMOTOR 2;;-;-
2292;CLAECK SUPERMERCADO - PRQ SANTANA;REDE INTEGRADA;CLAECK SUPERMERCADO;RUA VIA COLETORA, 410, MONDUBIM, FORTALEZA;MONDUBIM;FORTALEZA;-3.8142935;-38.5831318;SEM PROMOTOR 2;;-;-
2355;SUPERMERCADO VAREJAO - MANOEL SATIRO;REDE PARCERIA;SUPERMERCADO VAREJAO;RUA DR.JOAO AMORA, 360, VILA MANOEL SATIRO, FORTALEZA;VILA MANOEL SATIRO;FORTALEZA;-3.7999514;-38.5774916;SEM PROMOTOR 2;;-;-
2734;BARATAO - CONJ ESPERANÇA;REDE UNIFORÇA;BARATÃO;AVENIDA CONTORNO SUL, 333, CONJUNTO ESPERANCA, FORTALEZA;CONJUNTO ESPERANCA;FORTALEZA;-3.817788;-38.589921;SEM PROMOTOR 2;;-;-
3643;CLAECK SUPERMERCADO - PRQ JERUSALEM;REDE INTEGRADA;CLAECK SUPERMERCADO;AVENIDA MONTE PASCOAL, 715, CANINDEZINHO, FORTALEZA;CANINDEZINHO;FORTALEZA;-3.8060779;-38.5966233;SEM PROMOTOR 2;;-;-
11703;SUPERMERCADO VAREJAO - NOVO MONDUBIM;REDE PARCERIA;SUPERMERCADO VAREJAO;RUA PORTO FRANCO, 1060, VILA MANOEL SATIRO, FORTALEZA;VILA MANOEL SATIRO;FORTALEZA;-3.8108066;-38.585499;SEM PROMOTOR 2;;-;-
2362;SUPERMERCADO VAREJAO - OSORIO DE PAIVA;REDE PARCERIA;SUPERMERCADO VAREJAO;AVENIDA AV GAL. OSORIO DE PAIVA, 5561, CANINDEZINHO, FORTALEZA;CANINDEZINHO;FORTALEZA;-3.8058125;-38.6025407;SEM PROMOTOR 2;;-;-
2126;NOVO SIQUEIRA;-;NOVO SIQUEIRA;RUA DA PAZ, 1602, SIQUEIRA, MARACANAU;SIQUEIRA;MARACANAU;-3.8089101;-38.6275785;SEM PROMOTOR 2;;-;-
2385;UNICOMPRAS - LJ 02;REDE AMIGOS;UNICOMPRAS;AVENIDA AV 17, 404, JEREISSATI III, PACATUBA;JEREISSATI III;PACATUBA;-3.8898521;-38.6171332;EDUARDO DAVI DE SOUSA DE OLIVEIRA;11638;-3.8312345;-38.5785069
535;ANALI - MARANGUAPE;REDE PARCERIA;ANALI;RODOVIA SENADOR ALMIR PINTO, 2510, NOVO MARANGUAPE I, MARANGUAPE;NOVO MARANGUAPE I;MARANGUAPE;-3.8753904;-38.6706474;EDUARDO DAVI DE SOUSA DE OLIVEIRA;11638;-3.8312345;-38.5785069
1142;SUPERMERCADO CRISOSTOMO - LJ 01;REDE INTEGRADA;CRISOSTOMO;RODOVIA RAIMUNDO PESSOA DE ARAUJO, 929, MUCUNA, MARACANAU;MUCUNA;MARACANAU;-3.8463409;-38.656153;EDUARDO DAVI DE SOUSA DE OLIVEIRA;11638;-3.8312345;-38.5785069
1963;LAREDO - MARANGUAPE;-;LAREDO;RUA CAPITAO GEOVA COLARES, 101, OUTRA BANDA, MARANGUAPE;OUTRA BANDA;MARANGUAPE;-3.89206803;-38.68194164;EDUARDO DAVI DE SOUSA DE OLIVEIRA;11638;-3.8312345;-38.5785069
2726;BARATAO - SIQUEIRA;REDE UNIFORÇA;BARATÃO;AVENIDA OSORIO DE PAIVA, 7020, SIQUEIRA, FORTALEZA;SIQUEIRA;FORTALEZA;-3.815584;-38.612772;EDUARDO DAVI DE SOUSA DE OLIVEIRA;11638;-3.8312345;-38.5785069
11313;ANALI - MARACANAU;REDE PARCERIA;ANALI;AVENIDA PADRE JOSÉ HOLANDA DO VALE, 01402, LUZARDO VIANA, MARACANAU;LUZARDO VIANA;MARACANAU;-3.8589501;-38.6375463;EDUARDO DAVI DE SOUSA DE OLIVEIRA;11638;-3.8312345;-38.5785069
709;COMPREMAX - GODOFREDO;REDE PARCERIA;COMPRE MAX;AVENIDA GODOFREDO MACIEL, 6395, PLANALTO AYRTON SENNA, FORTALEZA;PLANALTO AYRTON SENNA;FORTALEZA;-3.8298369;-38.5802565;EDUARDO DAVI DE SOUSA DE OLIVEIRA;11638;-3.8312345;-38.5785069
1708;NOSSA SRA DE FATIMA;REDE UNIFORÇA;NOSSA SRA. DE FATIMA;AVENIDA CONTORNO NORTE, 800, CONJUNTO INDUSTRIAL, MARACANAU;CONJUNTO INDUSTRIAL;MARACANAU;-3.8376175;-38.5924354;EDUARDO DAVI DE SOUSA DE OLIVEIRA;11638;-3.8312345;-38.5785069
1875;UNICOMPRAS - LJ 01;REDE AMIGOS;UNICOMPRAS;AVENIDA AV 22, 404, JEREISSATI III, MARACANAU;JEREISSATI III;MARACANAU;-3.8891567;-38.6108356;EDUARDO DAVI DE SOUSA DE OLIVEIRA;11638;-3.8312345;-38.5785069
1998;SUPERMERCADO PROGRESSO;-;PROGRESSO;RUA 110, 220, TIMBO, MARACANAU;TIMBO;MARACANAU;-3.875655;-38.609595;EDUARDO DAVI DE SOUSA DE OLIVEIRA;11638;-3.8312345;-38.5785069
3249;KALBIR ATACAREJO - LJ 01;-;KALBIR;RUA CORONEL PEDRO SAMPAIO, 300, BOA ESPERANCA, MARACANAU;BOA ESPERANCA;MARACANAU;-3.8489665;-38.5839282;EDUARDO DAVI DE SOUSA DE OLIVEIRA;11638;-3.8312345;-38.5785069
3765;KALBIR ATACAREJO - LJ 02;-;KALBIR;RUA LUIS GONZAGA DOS SANTOS, 1001, PAJUCARA, MARACANAU;PAJUCARA;MARACANAU;-3.8548937;-38.5789869;EDUARDO DAVI DE SOUSA DE OLIVEIRA;11638;-3.8312345;-38.5785069
4002;UNICOMPRAS - LJ 03;REDE AMIGOS;UNICOMPRAS;AVENIDA AVENIDA A, 600, JEREISSATI III, PACATUBA;JEREISSATI III;PACATUBA;-3.8934586;-38.6077532;EDUARDO DAVI DE SOUSA DE OLIVEIRA;11638;-3.8312345;-38.5785069
9326;BARATAO - PAJUCARA;REDE UNIFORÇA;BARATÃO;RUA PAULO BATISTA DOS SANTOS, 1112, JARDIM PARAISO, MARACANAU;JARDIM PARAISO;MARACANAU;-3.8591273;-38.5804705;EDUARDO DAVI DE SOUSA DE OLIVEIRA;11638;-3.8312345;-38.5785069
11220;MAE RAINHA - MARACANAU;REDE PARCERIA;MAE RAINHA;RUA PAULO BATISTA, 120, PAJUCARA, MARACANAU;PAJUCARA;MARACANAU;-3.8558907;-38.5795996;EDUARDO DAVI DE SOUSA DE OLIVEIRA;11638;-3.8312345;-38.5785069
9630;CLAECK SUPERMERCADO - ARACAPE;REDE INTEGRADA;CLAECK SUPERMERCADO;RUA MIGUEL ARAGAO, 1157, MONDUBIM, FORTALEZA;MONDUBIM;FORTALEZA;-3.8317798;-38.58973;EDUARDO DAVI DE SOUSA DE OLIVEIRA;11638;-3.8312345;-38.5785069
